"employee_id","first_name","last_name","department_id","salary","sale_id","product_id","sale_customer_id","sale_date","quantity","unit_price","discount","total_sale","salesperson_id","region","product_name","category","product_price","stock_quantity","supplier_id","customer_id","customer_first_name","customer_last_name","email","phone","customer_city","customer_state","customer_country","order_id","order_date","shipping_date","status","total_amount","payment_method","billing_address","shipping_address","shipper_id"
149,"Timothy","Davis",10,"74303.00",4,46,200,"2023-05-26",19,"124.02","0.19","147.80",149,"New Mexico","attorney","Furniture","1234.05",180,40,200,"Sherry","Wise","annahernandez@gmail.com","956.738.3662","East Brandon","Wisconsin","Tunisia",29,"2024-06-18","2023-07-22","Cancelled","9619.85","Bank Transfer","75962 Kaufman Plain, Torreschester, NV 69376","486 David Divide Apt. 466, Zacharyton, WV 35240",20
96,"Stacey","Nguyen",3,"117403.00",6,18,38,"2024-06-03",15,"313.91","0.16","5976.32",96,"North Dakota","they","Furniture","1346.50",611,11,38,"Shawn","Adams","lindawarren@gibbs-nelson.biz","+1-479-688-4674x791","East Lisaport","Iowa","Austria",186,"2023-02-19","2024-06-25","Cancelled","1305.07","Bank Transfer","96856 Sanchez Forest Apt. 857, Samuelchester, TX 45547","4242 Johnson Road Apt. 987, Lake Peter, CA 17336",15
96,"Stacey","Nguyen",3,"117403.00",6,18,38,"2024-06-03",15,"313.91","0.16","5976.32",96,"North Dakota","they","Furniture","1346.50",611,11,38,"Shawn","Adams","lindawarren@gibbs-nelson.biz","+1-479-688-4674x791","East Lisaport","Iowa","Austria",133,"2023-12-12","2023-11-24","Shipped","1574.23","Credit Card","Unit 4620 Box 5713, DPO AA 89348","649 Susan Harbors Suite 527, North Kathryn, IA 27611",28
96,"Stacey","Nguyen",3,"117403.00",6,18,38,"2024-06-03",15,"313.91","0.16","5976.32",96,"North Dakota","they","Furniture","1346.50",611,11,38,"Shawn","Adams","lindawarren@gibbs-nelson.biz","+1-479-688-4674x791","East Lisaport","Iowa","Austria",34,"2023-09-17","2023-11-19","Shipped","6712.68","PayPal","36453 Kathryn Corner, Tonyafurt, HI 87511","515 Jim Parkway, West Davidton, SD 08010",12
73,"Devon","Wood",4,"105850.00",8,47,13,"2024-06-05",2,"178.89","0.12","5166.39",73,"South Dakota","risk","Food","350.86",678,45,13,"Jeffery","Adams","marysmith@hotmail.com","+1-570-046-4161x3023","Anthonyton","Wyoming","El Salvador",147,"2024-03-05","2023-10-07","Shipped","2752.91","Bank Transfer","PSC 3651, Box 3116, APO AP 48400","0310 Graham Lights, West Bradleyton, LA 01687",22
73,"Devon","Wood",4,"105850.00",8,47,13,"2024-06-05",2,"178.89","0.12","5166.39",73,"South Dakota","risk","Food","350.86",678,45,13,"Jeffery","Adams","marysmith@hotmail.com","+1-570-046-4161x3023","Anthonyton","Wyoming","El Salvador",89,"2023-04-26","2024-01-11","Cancelled","5542.45","Cash","7148 Steven Crest Suite 093, Atkinschester, OK 42646","5113 Timothy Cape Apt. 490, Port Andreachester, MT 05187",22
73,"Devon","Wood",4,"105850.00",8,47,13,"2024-06-05",2,"178.89","0.12","5166.39",73,"South Dakota","risk","Food","350.86",678,45,13,"Jeffery","Adams","marysmith@hotmail.com","+1-570-046-4161x3023","Anthonyton","Wyoming","El Salvador",50,"2024-05-22","2023-01-10","Delivered","8380.69","PayPal","7750 Aguilar Pike Apt. 787, Suttonland, OH 40747","6909 Edward Plains Suite 266, Aaronbury, DC 95054",25
133,"Erica","Ware",3,"68850.00",11,90,161,"2023-12-14",9,"40.44","0.22","7134.95",133,"Colorado","natural","Books","1073.82",982,1,161,"Amanda","Long","qwhite@hotmail.com","(374)039-5650","Natalietown","Colorado","Macedonia",168,"2023-06-26","2023-10-21","Shipped","4871.71","PayPal","97892 Barbara Estate, Caitlinbury, CT 19414","6354 Hicks Spring Suite 722, Lake Sandraport, GA 13000",30
133,"Erica","Ware",3,"68850.00",11,90,161,"2023-12-14",9,"40.44","0.22","7134.95",133,"Colorado","natural","Books","1073.82",982,1,161,"Amanda","Long","qwhite@hotmail.com","(374)039-5650","Natalietown","Colorado","Macedonia",138,"2024-02-14","2023-11-21","Delivered","4032.04","Credit Card","8296 Travis Field, Shawnamouth, GA 32937","1774 Anthony Centers Suite 927, North Markburgh, OR 31083",20
143,"Deborah","Klein",4,"49534.00",12,97,50,"2023-08-02",18,"63.07","0.13","7676.27",143,"New Jersey","player","Electronics","1432.37",141,20,50,"Vanessa","Vazquez","jpineda@taylor-brown.com","2473257969","Lake Troyview","West Virginia","Senegal",130,"2023-07-18","2024-04-08","Shipped","9620.99","Cash","13209 Little Mews Suite 347, Michaelhaven, NC 41998","6696 Stephanie Trace Apt. 072, Adamberg, NY 44656",5
172,"Patricia","Black",10,"108884.00",13,81,85,"2023-05-28",8,"41.14","0.29","8241.99",172,"Colorado","personal","Electronics","929.66",391,19,85,"James","Leach","lshelton@yahoo.com","001-746-540-2929x9422","Blevinsmouth","New Hampshire","Saint Helena",111,"2023-07-01","2023-04-05","Pending","4680.31","PayPal","8167 Matthew Way, Brianstad, NE 85729","4074 Maria Ramp, North Amber, MA 70935",21
128,"John","Hines",9,"95736.00",14,20,87,"2023-08-06",20,"287.21","0.05","7294.95",128,"Washington","production","Furniture","498.88",589,40,87,"Regina","Perkins","michaellong@silva.net","8613977028","Luisside","Pennsylvania","Cote d'Ivoire",75,"2023-06-27","2022-12-12","Delivered","7315.82","Cash","02489 Andrew Mountains, North Sabrina, VA 91283","5479 Robert Plaza, Annchester, AZ 34662",14
128,"John","Hines",9,"95736.00",14,20,87,"2023-08-06",20,"287.21","0.05","7294.95",128,"Washington","production","Furniture","498.88",589,40,87,"Regina","Perkins","michaellong@silva.net","8613977028","Luisside","Pennsylvania","Cote d'Ivoire",48,"2023-04-12","2024-03-08","Cancelled","6479.29","Bank Transfer","601 Sims Crossing, West Williamtown, DE 95840","33120 Justin Pines, South Rachelton, HI 48885",21
83,"John","Richardson",3,"77334.00",16,65,92,"2024-04-26",17,"122.70","0.08","9395.38",83,"Kansas","kind","Food","896.63",87,34,92,"Bonnie","Reyes","natashaschmidt@gmail.com","(608)382-9437x652","North Theresatown","Arizona","French Polynesia",47,"2023-06-27","2024-08-07","Cancelled","805.59","Bank Transfer","92592 Hopkins Rapids, North Georgechester, WI 46026","0180 Victoria Unions, New Wandashire, DC 64529",28
92,"Cindy","Johnson",8,"89919.00",19,78,3,"2023-09-04",3,"237.68","0.27","2728.14",92,"Texas","image","Clothing","650.24",895,3,3,"Kevin","Perry","zacharygross@gmail.com","(056)935-1425x12471","Calhounchester","New Mexico","Italy",134,"2023-07-04","2023-08-08","Pending","6241.89","PayPal","92373 Lisa Valley Suite 776, Patrickton, MD 49223","PSC 8177, Box 5015, APO AA 88112",8
92,"Cindy","Johnson",8,"89919.00",19,78,3,"2023-09-04",3,"237.68","0.27","2728.14",92,"Texas","image","Clothing","650.24",895,3,3,"Kevin","Perry","zacharygross@gmail.com","(056)935-1425x12471","Calhounchester","New Mexico","Italy",59,"2024-10-01","2024-03-26","Shipped","2093.01","PayPal","24383 Turner Mount Suite 400, Murphyville, OK 50692","87484 Kyle Locks, Jacksonmouth, KY 77481",28
17,"Crystal","Stewart",4,"61706.00",21,68,102,"2023-02-17",13,"475.47","0.17","8381.54",17,"Iowa","authority","Furniture","1011.02",614,11,102,"Kayla","Terrell","heatherlewis@yahoo.com","(797)554-4016","Melindastad","South Carolina","Austria",78,"2023-11-22","2022-12-29","Cancelled","4142.43","PayPal","342 Anderson Circles, North Kimberly, KS 17453","72600 Cox Glen Suite 538, Derekton, KY 36498",4
138,"Kevin","Mcintosh",8,"42379.00",22,99,14,"2023-12-13",10,"302.17","0.02","3931.62",138,"West Virginia","member","Electronics","968.07",590,31,14,"Norman","Crawford","megan08@cabrera.org","001-380-225-5282x60292","Blackport","Massachusetts","Grenada",6,"2024-06-21","2023-07-05","Pending","8137.00","Credit Card","882 Duran Rue Suite 332, Sullivanville, HI 09271","PSC 1493, Box 1144, APO AP 78516",20
54,"David","Jacobson",3,"71169.00",23,46,192,"2022-12-11",5,"33.45","0.07","2673.27",54,"North Carolina","attorney","Furniture","1234.05",180,40,192,"William","Davis","larry75@davis.info","774.998.6317x22828","Johnberg","Idaho","Samoa",107,"2024-08-19","2024-02-02","Delivered","1188.34","Cash","081 Xavier Road Suite 770, South David, CT 67467","8647 Reyes Springs, Lake Tylerhaven, LA 01983",24
195,"Leroy","Garza",7,"84585.00",24,23,111,"2023-02-01",10,"263.54","0.02","1700.01",195,"Oklahoma","during","Food","805.12",900,28,111,"Whitney","Reed","icarter@gonzalez.com","006-046-4610x23936","North Janebury","Washington","Saint Vincent and the Grenadines",176,"2024-08-05","2024-01-03","Cancelled","4487.30","PayPal","922 Felicia Parks Apt. 496, Mejiahaven, MO 96545","782 Sanders Ville Apt. 147, Deniseport, CT 71750",11
195,"Leroy","Garza",7,"84585.00",24,23,111,"2023-02-01",10,"263.54","0.02","1700.01",195,"Oklahoma","during","Food","805.12",900,28,111,"Whitney","Reed","icarter@gonzalez.com","006-046-4610x23936","North Janebury","Washington","Saint Vincent and the Grenadines",164,"2023-12-24","2024-04-07","Shipped","4934.31","Credit Card","77691 Stephanie Shoal, New Kellyborough, NY 07189","3475 Gilbert Hill, Jasminfort, DE 86784",14
96,"Stacey","Nguyen",3,"117403.00",25,62,163,"2024-09-06",3,"13.14","0.03","6209.02",96,"New Hampshire","task","Books","712.94",583,42,163,"Angela","Conrad","sblake@yahoo.com","+1-500-267-6695x070","Robertchester","Texas","Ethiopia",52,"2023-09-10","2024-06-25","Pending","5326.79","Cash","735 Dorsey Mission Apt. 936, Holmeston, CO 72621","9089 Austin Forges, Lake Kendra, RI 71781",30
96,"Stacey","Nguyen",3,"117403.00",25,62,163,"2024-09-06",3,"13.14","0.03","6209.02",96,"New Hampshire","task","Books","712.94",583,42,163,"Angela","Conrad","sblake@yahoo.com","+1-500-267-6695x070","Robertchester","Texas","Ethiopia",9,"2023-08-27","2023-09-14","Cancelled","7272.43","Bank Transfer","6852 Byrd Terrace Suite 875, Woodsbury, IL 58926","Unit 7204 Box 7997, DPO AP 95860",29
195,"Leroy","Garza",7,"84585.00",26,47,27,"2024-07-27",11,"416.95","0.03","9564.04",195,"Delaware","risk","Food","350.86",678,45,27,"Joshua","Clarke","vfranco@zimmerman.org","001-577-037-4602x6715","Tuckerport","New Jersey","Falkland Islands (Malvinas)",154,"2024-04-09","2022-11-18","Shipped","970.41","Cash","USCGC Webb, FPO AA 82943","591 Johnson Mills, Cohenland, VT 74351",17
195,"Leroy","Garza",7,"84585.00",26,47,27,"2024-07-27",11,"416.95","0.03","9564.04",195,"Delaware","risk","Food","350.86",678,45,27,"Joshua","Clarke","vfranco@zimmerman.org","001-577-037-4602x6715","Tuckerport","New Jersey","Falkland Islands (Malvinas)",152,"2023-06-05","2023-05-08","Delivered","3223.02","PayPal","003 Bullock Ways, Rodgersside, MN 46398","352 Lambert Rest, Port Andrea, NM 60177",28
195,"Leroy","Garza",7,"84585.00",26,47,27,"2024-07-27",11,"416.95","0.03","9564.04",195,"Delaware","risk","Food","350.86",678,45,27,"Joshua","Clarke","vfranco@zimmerman.org","001-577-037-4602x6715","Tuckerport","New Jersey","Falkland Islands (Malvinas)",100,"2023-12-21","2024-10-10","Cancelled","6385.02","Cash","2421 Gilmore Mission, Derekstad, MS 29769","24437 Margaret Ridges, Pamelatown, KS 40951",19
109,"Heather","Johnson",4,"59755.00",28,86,184,"2024-01-28",2,"381.63","0.08","8365.13",109,"Nevada","according","Furniture","493.47",303,12,184,"Abigail","Mendoza","blankenshipdale@yahoo.com","(593)623-9502x01486","Cameronside","North Carolina","Brunei Darussalam",197,"2023-05-15","2024-10-20","Delivered","2763.79","Credit Card","40992 Hampton Fields, South Tammyshire, WV 15256","999 Bianca Divide Apt. 111, South Wendy, VT 87276",21
173,"Joshua","Flores",3,"64526.00",29,27,147,"2023-11-19",6,"78.76","0.22","933.51",173,"Georgia","traditional","Food","735.62",475,39,147,"Melissa","Nguyen","kyle45@chavez-jones.org","+1-653-346-6368x037","East Amandamouth","Virginia","United States of America",104,"2023-12-20","2024-09-11","Pending","2854.61","Credit Card","387 Evans Fall, Watsonland, CO 14210","854 Brennan Road, Ashleyville, WV 18674",30
173,"Joshua","Flores",3,"64526.00",29,27,147,"2023-11-19",6,"78.76","0.22","933.51",173,"Georgia","traditional","Food","735.62",475,39,147,"Melissa","Nguyen","kyle45@chavez-jones.org","+1-653-346-6368x037","East Amandamouth","Virginia","United States of America",65,"2024-05-02","2023-02-20","Delivered","4568.51","Bank Transfer","29120 Diana Village, Perezside, AK 31748","63925 Patrick Road Apt. 256, East Dylan, MO 48733",17
93,"Melissa","Henderson",8,"44019.00",30,30,85,"2023-10-10",9,"300.22","0.01","611.37",93,"Iowa","them","Electronics","669.64",254,25,85,"James","Leach","lshelton@yahoo.com","001-746-540-2929x9422","Blevinsmouth","New Hampshire","Saint Helena",111,"2023-07-01","2023-04-05","Pending","4680.31","PayPal","8167 Matthew Way, Brianstad, NE 85729","4074 Maria Ramp, North Amber, MA 70935",21
33,"Ronald","Stewart",6,"50552.00",32,86,138,"2023-03-27",10,"172.54","0.01","2820.86",33,"Oklahoma","according","Furniture","493.47",303,12,138,"Lisa","Thomas","iknight@hotmail.com","547-189-2512x6420","New Aliciaton","Nevada","United States of America",183,"2023-11-15","2023-03-06","Shipped","3806.11","Bank Transfer","9589 Sally Bridge Suite 880, New Catherine, VA 21583","887 Jody Port Apt. 302, Freemanton, TN 46837",21
40,"April","Hughes",4,"84049.00",33,15,27,"2023-03-27",20,"86.60","0.14","8496.63",40,"Iowa","office","Furniture","296.40",597,32,27,"Joshua","Clarke","vfranco@zimmerman.org","001-577-037-4602x6715","Tuckerport","New Jersey","Falkland Islands (Malvinas)",154,"2024-04-09","2022-11-18","Shipped","970.41","Cash","USCGC Webb, FPO AA 82943","591 Johnson Mills, Cohenland, VT 74351",17
40,"April","Hughes",4,"84049.00",33,15,27,"2023-03-27",20,"86.60","0.14","8496.63",40,"Iowa","office","Furniture","296.40",597,32,27,"Joshua","Clarke","vfranco@zimmerman.org","001-577-037-4602x6715","Tuckerport","New Jersey","Falkland Islands (Malvinas)",152,"2023-06-05","2023-05-08","Delivered","3223.02","PayPal","003 Bullock Ways, Rodgersside, MN 46398","352 Lambert Rest, Port Andrea, NM 60177",28
40,"April","Hughes",4,"84049.00",33,15,27,"2023-03-27",20,"86.60","0.14","8496.63",40,"Iowa","office","Furniture","296.40",597,32,27,"Joshua","Clarke","vfranco@zimmerman.org","001-577-037-4602x6715","Tuckerport","New Jersey","Falkland Islands (Malvinas)",100,"2023-12-21","2024-10-10","Cancelled","6385.02","Cash","2421 Gilmore Mission, Derekstad, MS 29769","24437 Margaret Ridges, Pamelatown, KS 40951",19
161,"Alexandra","Holmes",10,"118707.00",34,10,62,"2023-11-26",3,"55.91","0.15","8072.00",161,"Florida","decide","Food","59.54",297,27,62,"Monica","May","kellyreynolds@hubbard-ortiz.com","900-316-4181x60764","Lindabury","Oregon","Bermuda",189,"2022-11-13","2024-06-10","Delivered","7137.38","Cash","20848 Johnston Shoals Apt. 519, Guzmanburgh, SD 17225","706 Nathan Pass, Robertport, RI 56018",3
89,"Steven","Shaffer",8,"106774.00",38,77,197,"2023-12-22",13,"407.61","0.09","6563.84",89,"New York","result","Food","1026.16",125,4,197,"Charles","Dean","andrew88@yahoo.com","047-233-5036x237","West Marcustown","Colorado","Germany",99,"2024-09-14","2024-02-09","Cancelled","6727.02","Bank Transfer","94174 Gamble Drive, Scotthaven, AK 25984","188 Ruben Stravenue Suite 124, Deborahfurt, TN 96319",18
140,"Kim","Valencia",4,"52459.00",40,16,179,"2023-01-10",5,"51.15","0.23","5730.34",140,"Oklahoma","shake","Books","359.70",786,34,179,"Sergio","Lane","hopkinsmary@simon-martin.com","001-212-610-5636x208","Ashleychester","Arkansas","Liechtenstein",124,"2023-10-01","2023-03-05","Pending","2475.83","Cash","621 Parker Port, West Susanmouth, MD 56614","20411 Audrey Hills Suite 528, North Katherine, KS 73883",27
197,"Dana","Elliott",3,"44252.00",41,13,36,"2024-06-18",6,"93.05","0.17","8433.63",197,"Minnesota","ball","Furniture","289.90",95,27,36,"Melissa","Adams","allenjeffery@hernandez.com","0259428483","South Pamela","Utah","Lebanon",174,"2023-04-07","2023-04-06","Delivered","385.68","PayPal","394 Robin Springs, Darrellburgh, IL 31229","46556 Bailey Lock Apt. 817, Jamesstad, KS 99643",3
111,"Ricky","Walker",4,"92120.00",42,99,50,"2023-07-11",12,"83.81","0.23","2531.28",111,"California","member","Electronics","968.07",590,31,50,"Vanessa","Vazquez","jpineda@taylor-brown.com","2473257969","Lake Troyview","West Virginia","Senegal",130,"2023-07-18","2024-04-08","Shipped","9620.99","Cash","13209 Little Mews Suite 347, Michaelhaven, NC 41998","6696 Stephanie Trace Apt. 072, Adamberg, NY 44656",5
125,"Lindsay","Patrick",8,"63308.00",43,48,193,"2023-04-29",2,"193.85","0.21","4494.36",125,"New York","also","Electronics","512.34",102,38,193,"Steven","Garcia","maureen37@yahoo.com","001-371-172-9259x7743","West Heathertown","Delaware","Switzerland",83,"2023-07-08","2024-09-05","Shipped","2183.22","Credit Card","624 Stacy Trail Apt. 722, Matthewmouth, DE 17515","349 Kristen Meadow, Stevenfurt, OR 22462",18
125,"Lindsay","Patrick",8,"63308.00",43,48,193,"2023-04-29",2,"193.85","0.21","4494.36",125,"New York","also","Electronics","512.34",102,38,193,"Steven","Garcia","maureen37@yahoo.com","001-371-172-9259x7743","West Heathertown","Delaware","Switzerland",44,"2023-10-16","2023-10-28","Pending","2496.48","Credit Card","014 Carol Manor, Andreaport, AZ 89226","78694 James Extension Apt. 980, Port Jeffrey, IA 91261",27
125,"Lindsay","Patrick",8,"63308.00",43,48,193,"2023-04-29",2,"193.85","0.21","4494.36",125,"New York","also","Electronics","512.34",102,38,193,"Steven","Garcia","maureen37@yahoo.com","001-371-172-9259x7743","West Heathertown","Delaware","Switzerland",37,"2024-04-21","2024-10-13","Delivered","8269.99","Cash","Unit 6596 Box 8279, DPO AA 98457","57211 Pamela Roads Apt. 739, West Erictown, HI 76004",10
125,"Lindsay","Patrick",8,"63308.00",43,48,193,"2023-04-29",2,"193.85","0.21","4494.36",125,"New York","also","Electronics","512.34",102,38,193,"Steven","Garcia","maureen37@yahoo.com","001-371-172-9259x7743","West Heathertown","Delaware","Switzerland",25,"2023-11-28","2022-11-28","Pending","803.48","PayPal","84393 Darryl Stream, Lake Jonberg, NJ 83479","579 Jennings Plain, Port Jamieton, FL 46889",5
22,"Emily","Galloway",9,"102526.00",44,38,83,"2024-03-31",14,"12.50","0.10","9619.29",22,"Michigan","blue","Electronics","486.43",122,24,83,"Ashley","Hall","rodriguezjulie@gmail.com","+1-645-988-1190x569","Lake Bryanstad","Mississippi","Norway",177,"2024-05-10","2024-05-28","Cancelled","393.08","Bank Transfer","65839 Arroyo Ridge Suite 122, Morganfort, AZ 71555","6863 Joseph Club Suite 949, East Susanborough, NV 71096",2
115,"Ronnie","Dalton",10,"73571.00",45,84,104,"2022-11-27",3,"77.77","0.21","6042.62",115,"Vermont","their","Books","1251.23",434,42,104,"Mark","Morgan","rachel92@george-hawkins.com","993-734-7318x4959","Davidburgh","Illinois","Isle of Man",81,"2023-02-15","2024-06-20","Pending","7769.80","Bank Transfer","027 Kyle Hollow, South Charlesport, IN 30711","16946 Pamela Knoll, New Rebecca, NY 16568",15
131,"Eric","Barton",3,"100706.00",46,59,170,"2024-08-08",3,"326.97","0.02","9800.59",131,"Hawaii","fish","Furniture","1401.51",663,10,170,"Alison","Bailey","donna63@webster.com","001-451-091-0089x185","Port Mark","Washington","Cameroon",200,"2024-03-14","2024-04-28","Delivered","992.06","Bank Transfer","PSC 1533, Box 0985, APO AE 20816","70903 Vincent Via, Amandaview, FL 79358",16
131,"Eric","Barton",3,"100706.00",46,59,170,"2024-08-08",3,"326.97","0.02","9800.59",131,"Hawaii","fish","Furniture","1401.51",663,10,170,"Alison","Bailey","donna63@webster.com","001-451-091-0089x185","Port Mark","Washington","Cameroon",191,"2024-06-12","2023-10-14","Pending","3765.76","Bank Transfer","94917 Solis Lake, New Angelaside, OK 56842","8266 Valerie Ways Apt. 844, West Brianfurt, FL 82857",8
161,"Alexandra","Holmes",10,"118707.00",47,80,123,"2024-09-24",8,"388.50","0.17","752.07",161,"Maine","indicate","Electronics","722.59",535,10,123,"Karen","Oconnor","samuelthompson@yahoo.com","001-137-764-9672","South Paul","Mississippi","Guadeloupe",23,"2023-07-18","2022-12-16","Pending","3317.54","Credit Card","809 Eric Mountain Suite 704, Lake Dianefurt, AK 50227","669 Aimee Rapid, Andrewfurt, NJ 47140",12
86,"Richard","Smith",9,"62414.00",48,50,38,"2023-11-16",20,"89.95","0.24","4044.29",86,"South Dakota","require","Books","1493.69",103,43,38,"Shawn","Adams","lindawarren@gibbs-nelson.biz","+1-479-688-4674x791","East Lisaport","Iowa","Austria",186,"2023-02-19","2024-06-25","Cancelled","1305.07","Bank Transfer","96856 Sanchez Forest Apt. 857, Samuelchester, TX 45547","4242 Johnson Road Apt. 987, Lake Peter, CA 17336",15
86,"Richard","Smith",9,"62414.00",48,50,38,"2023-11-16",20,"89.95","0.24","4044.29",86,"South Dakota","require","Books","1493.69",103,43,38,"Shawn","Adams","lindawarren@gibbs-nelson.biz","+1-479-688-4674x791","East Lisaport","Iowa","Austria",133,"2023-12-12","2023-11-24","Shipped","1574.23","Credit Card","Unit 4620 Box 5713, DPO AA 89348","649 Susan Harbors Suite 527, North Kathryn, IA 27611",28
86,"Richard","Smith",9,"62414.00",48,50,38,"2023-11-16",20,"89.95","0.24","4044.29",86,"South Dakota","require","Books","1493.69",103,43,38,"Shawn","Adams","lindawarren@gibbs-nelson.biz","+1-479-688-4674x791","East Lisaport","Iowa","Austria",34,"2023-09-17","2023-11-19","Shipped","6712.68","PayPal","36453 Kathryn Corner, Tonyafurt, HI 87511","515 Jim Parkway, West Davidton, SD 08010",12
41,"Melanie","Ellis",6,"49739.00",49,84,196,"2024-06-08",3,"326.02","0.30","4149.23",41,"South Dakota","their","Books","1251.23",434,42,196,"Jessica","Cowan","davidhudson@carroll-wright.net","825.442.0965x43669","Nelsonport","Massachusetts","Ethiopia",161,"2023-02-27","2023-05-19","Cancelled","6982.19","Cash","88628 Green Hill Suite 390, Keithland, WY 95896","8391 Linda Fords Suite 958, Kelleyland, MD 94186",28
44,"Adam","Sanders",10,"42109.00",50,13,31,"2024-02-14",12,"383.71","0.20","9917.48",44,"South Carolina","ball","Furniture","289.90",95,27,31,"Hayley","Jackson","kaylatyler@chavez.com","378.138.4727","Fitzgeraldhaven","Kansas","Saudi Arabia",196,"2022-11-04","2024-03-23","Delivered","6300.33","Cash","1131 Montgomery Views, Lake Christopher, AZ 42008","34093 Ronald Track, Lake Heather, VA 83901",18
44,"Adam","Sanders",10,"42109.00",50,13,31,"2024-02-14",12,"383.71","0.20","9917.48",44,"South Carolina","ball","Furniture","289.90",95,27,31,"Hayley","Jackson","kaylatyler@chavez.com","378.138.4727","Fitzgeraldhaven","Kansas","Saudi Arabia",42,"2022-11-10","2023-11-27","Shipped","9248.29","PayPal","7639 Fernando Creek Apt. 317, North Barbara, GA 19726","357 Ashley Isle Suite 733, Turnerburgh, NH 51118",3
128,"John","Hines",9,"95736.00",51,78,176,"2023-07-03",16,"135.69","0.16","2359.87",128,"Vermont","image","Clothing","650.24",895,3,176,"David","Warren","murphyyvonne@austin-jackson.info","+1-380-660-5122x144","East Deannafort","South Dakota","Pitcairn Islands",55,"2022-12-12","2023-01-19","Cancelled","1148.63","PayPal","954 Nguyen Route Apt. 102, South Timothyview, MN 85346","6067 Victor Via Suite 339, Higginsburgh, WV 52375",23
128,"John","Hines",9,"95736.00",51,78,176,"2023-07-03",16,"135.69","0.16","2359.87",128,"Vermont","image","Clothing","650.24",895,3,176,"David","Warren","murphyyvonne@austin-jackson.info","+1-380-660-5122x144","East Deannafort","South Dakota","Pitcairn Islands",38,"2024-04-02","2024-09-30","Pending","2572.53","Credit Card","974 Stevenson Rue, Drewtown, PA 66356","1857 Gabriel Turnpike, West Sabrinafurt, OR 28680",14
156,"Ashley","Wood",8,"94227.00",53,32,12,"2024-08-24",4,"405.85","0.01","6511.82",156,"Maine","between","Clothing","683.73",480,25,12,"Andrea","Wood","kcruz@hawkins.net","001-721-063-2579x27812","Williamland","Idaho","Armenia",194,"2023-08-17","2024-04-27","Cancelled","9420.60","Bank Transfer","154 Stevens Throughway Apt. 564, Port Kellichester, IN 37153","7671 Kent Groves Suite 768, Gutierrezbury, IN 42085",14
34,"Paul","Murphy",4,"42440.00",54,7,34,"2023-11-11",17,"487.52","0.04","8230.79",34,"Florida","measure","Electronics","1086.93",72,29,34,"Ian","Leonard","erikaalvarado@andrews.com","(251)115-1223x366","West Shawnport","South Carolina","Spain",192,"2024-05-03","2022-12-05","Cancelled","2861.38","Bank Transfer","USNV King, FPO AA 98519","36727 Dawn Estates, Port Franceston, AR 27963",20
34,"Paul","Murphy",4,"42440.00",54,7,34,"2023-11-11",17,"487.52","0.04","8230.79",34,"Florida","measure","Electronics","1086.93",72,29,34,"Ian","Leonard","erikaalvarado@andrews.com","(251)115-1223x366","West Shawnport","South Carolina","Spain",82,"2023-11-03","2024-03-24","Shipped","7834.71","Credit Card","PSC 4899, Box 7099, APO AP 96193","60022 Patrick Isle Apt. 257, Lake Richard, MS 66829",22
34,"Paul","Murphy",4,"42440.00",54,7,34,"2023-11-11",17,"487.52","0.04","8230.79",34,"Florida","measure","Electronics","1086.93",72,29,34,"Ian","Leonard","erikaalvarado@andrews.com","(251)115-1223x366","West Shawnport","South Carolina","Spain",12,"2023-03-01","2023-08-02","Pending","4059.37","Bank Transfer","8999 Juan Camp Suite 511, Johnsonville, SC 62381","49387 Katrina Village Apt. 579, South Kyleton, TN 62104",20
51,"Grace","Shaw",9,"111492.00",55,29,130,"2023-11-16",15,"483.13","0.23","3292.65",51,"Utah","star","Clothing","345.25",938,27,130,"Elizabeth","Torres","kevin60@peck-jacobs.com","0665904901","Fernandoport","Massachusetts","Israel",150,"2023-12-10","2024-10-30","Delivered","461.02","Bank Transfer","1746 Day Run Apt. 781, Kevinchester, NJ 65207","7343 Cooper Motorway Suite 773, Dillonville, AL 65451",26
92,"Cindy","Johnson",8,"89919.00",57,86,177,"2023-05-17",15,"343.84","0.01","4026.31",92,"New York","according","Furniture","493.47",303,12,177,"James","Alexander","crystaljohnson@johnson-reynolds.net","+1-247-287-7469x8976","East Jessicaland","Montana","Mexico",166,"2022-11-16","2024-03-30","Cancelled","1069.36","PayPal","7387 Paul Summit Apt. 806, Katrinafurt, GA 76546","6805 Jessica Shore Suite 608, Patrickborough, MN 04460",21
143,"Deborah","Klein",4,"49534.00",58,73,73,"2023-06-09",8,"164.59","0.26","9642.61",143,"South Dakota","study","Books","890.62",355,16,73,"Anthony","Henry","austinandrea@hotmail.com","001-207-216-0572x1173","Copelandside","Mississippi","Kyrgyz Republic",171,"2024-09-09","2024-10-14","Pending","7121.99","Bank Transfer","0635 Connie Square, South Ashleystad, AR 55401","3298 Abigail Extension Suite 909, Port Sharonville, OK 05912",12
105,"Aaron","Harper",8,"100828.00",60,27,37,"2024-06-18",13,"451.24","0.08","6818.37",105,"Iowa","traditional","Food","735.62",475,39,37,"Michael","Wood","hjohnson@gmail.com","001-023-366-8733","South Brandy","California","Rwanda",101,"2022-12-08","2024-03-16","Delivered","8026.65","Bank Transfer","0220 Guerrero Mission, Port Suzannechester, MD 91896","430 Nichole Drives Suite 536, Callahanton, TN 34536",3
169,"Kimberly","Delgado",5,"101166.00",62,81,12,"2023-10-01",14,"37.51","0.28","4538.42",169,"Michigan","personal","Electronics","929.66",391,19,12,"Andrea","Wood","kcruz@hawkins.net","001-721-063-2579x27812","Williamland","Idaho","Armenia",194,"2023-08-17","2024-04-27","Cancelled","9420.60","Bank Transfer","154 Stevens Throughway Apt. 564, Port Kellichester, IN 37153","7671 Kent Groves Suite 768, Gutierrezbury, IN 42085",14
33,"Ronald","Stewart",6,"50552.00",64,41,181,"2024-10-13",14,"304.80","0.03","4261.71",33,"Montana","administration","Clothing","156.03",891,2,181,"Ashley","Fowler","carrie38@hotmail.com","074.731.3161x93998","West Michellemouth","Alaska","Gabon",93,"2023-08-28","2024-10-31","Shipped","3395.79","Cash","49973 Rebecca Lane Suite 948, Rosemouth, IA 57281","525 Franco Mews, West Amyshire, SD 79149",18
33,"Ronald","Stewart",6,"50552.00",64,41,181,"2024-10-13",14,"304.80","0.03","4261.71",33,"Montana","administration","Clothing","156.03",891,2,181,"Ashley","Fowler","carrie38@hotmail.com","074.731.3161x93998","West Michellemouth","Alaska","Gabon",1,"2022-12-26","2023-06-16","Pending","7662.14","PayPal","USNS Reynolds, FPO AE 42633","540 William Crescent, New Brandon, AR 71383",22
177,"Lonnie","Perez",9,"88808.00",65,76,30,"2023-10-18",16,"149.35","0.27","1485.83",177,"Oklahoma","conference","Furniture","1298.44",800,31,30,"Brandon","Ruiz","elizabethgibbs@yahoo.com","+1-388-816-5837x09685","North Natasha","Washington","Myanmar",68,"2024-04-11","2024-01-24","Cancelled","6014.31","Bank Transfer","6332 Kelly Extensions Suite 091, Blackfurt, NE 93946","4730 John Lodge Suite 141, Lisaport, IA 12331",8
10,"Mitchell","Bryant",4,"101355.00",67,90,193,"2023-01-01",14,"261.94","0.22","9449.65",10,"Ohio","natural","Books","1073.82",982,1,193,"Steven","Garcia","maureen37@yahoo.com","001-371-172-9259x7743","West Heathertown","Delaware","Switzerland",83,"2023-07-08","2024-09-05","Shipped","2183.22","Credit Card","624 Stacy Trail Apt. 722, Matthewmouth, DE 17515","349 Kristen Meadow, Stevenfurt, OR 22462",18
10,"Mitchell","Bryant",4,"101355.00",67,90,193,"2023-01-01",14,"261.94","0.22","9449.65",10,"Ohio","natural","Books","1073.82",982,1,193,"Steven","Garcia","maureen37@yahoo.com","001-371-172-9259x7743","West Heathertown","Delaware","Switzerland",44,"2023-10-16","2023-10-28","Pending","2496.48","Credit Card","014 Carol Manor, Andreaport, AZ 89226","78694 James Extension Apt. 980, Port Jeffrey, IA 91261",27
10,"Mitchell","Bryant",4,"101355.00",67,90,193,"2023-01-01",14,"261.94","0.22","9449.65",10,"Ohio","natural","Books","1073.82",982,1,193,"Steven","Garcia","maureen37@yahoo.com","001-371-172-9259x7743","West Heathertown","Delaware","Switzerland",37,"2024-04-21","2024-10-13","Delivered","8269.99","Cash","Unit 6596 Box 8279, DPO AA 98457","57211 Pamela Roads Apt. 739, West Erictown, HI 76004",10
10,"Mitchell","Bryant",4,"101355.00",67,90,193,"2023-01-01",14,"261.94","0.22","9449.65",10,"Ohio","natural","Books","1073.82",982,1,193,"Steven","Garcia","maureen37@yahoo.com","001-371-172-9259x7743","West Heathertown","Delaware","Switzerland",25,"2023-11-28","2022-11-28","Pending","803.48","PayPal","84393 Darryl Stream, Lake Jonberg, NJ 83479","579 Jennings Plain, Port Jamieton, FL 46889",5
146,"Michael","Wright",5,"105270.00",69,39,105,"2024-04-01",2,"494.87","0.02","130.69",146,"Mississippi","fund","Clothing","170.30",727,37,105,"Megan","Garner","sharonhamilton@hotmail.com","796.506.3888x7410","New Tracey","Louisiana","Haiti",198,"2024-03-25","2023-04-25","Cancelled","5545.91","Bank Transfer","2363 Edwin Passage, North Morganton, AL 61821","Unit 3883 Box 6177, DPO AP 69531",9
146,"Michael","Wright",5,"105270.00",69,39,105,"2024-04-01",2,"494.87","0.02","130.69",146,"Mississippi","fund","Clothing","170.30",727,37,105,"Megan","Garner","sharonhamilton@hotmail.com","796.506.3888x7410","New Tracey","Louisiana","Haiti",54,"2023-11-16","2023-06-23","Shipped","5495.90","Bank Transfer","551 Julie Valley Apt. 780, Micheleview, MN 76253","57948 Anderson Hills, Williamston, OH 23593",9
155,"Carol","Brown",9,"115895.00",72,12,180,"2024-09-16",5,"30.66","0.22","2456.87",155,"Massachusetts","painting","Books","1035.78",599,16,180,"Christopher","Hill","christinabecker@yahoo.com","001-654-987-8158x227","Liuburgh","Washington","Comoros",113,"2023-03-30","2024-01-07","Delivered","1386.79","Bank Transfer","63906 Thomas Square, Joshuaview, KY 71172","05873 Corey River, South George, GA 00754",2
16,"Joel","Jones",6,"114838.00",74,25,30,"2024-06-01",3,"365.74","0.24","3088.85",16,"Idaho","trial","Food","192.32",853,37,30,"Brandon","Ruiz","elizabethgibbs@yahoo.com","+1-388-816-5837x09685","North Natasha","Washington","Myanmar",68,"2024-04-11","2024-01-24","Cancelled","6014.31","Bank Transfer","6332 Kelly Extensions Suite 091, Blackfurt, NE 93946","4730 John Lodge Suite 141, Lisaport, IA 12331",8
179,"Kyle","Page",8,"104556.00",75,64,164,"2023-02-07",15,"10.61","0.09","1177.77",179,"Alaska","decade","Furniture","319.52",637,5,164,"Adam","Williamson","cathy13@yahoo.com","+1-723-217-6994","Alexanderport","Rhode Island","San Marino",33,"2022-11-06","2022-11-08","Cancelled","3390.78","Cash","PSC 3105, Box 3828, APO AP 81332","91160 Cole Ridges, New Kendra, GA 93882",27
135,"Stephen","Acevedo",10,"104533.00",77,30,48,"2024-02-03",14,"415.56","0.07","1223.53",135,"Georgia","them","Electronics","669.64",254,25,48,"Alan","Wright","rodrigueztheresa@gmail.com","348-825-6750x6203","Deborahview","Texas","Cocos (Keeling) Islands",175,"2023-06-02","2024-04-08","Delivered","6454.74","Credit Card","PSC 5318, Box 4907, APO AE 00959","53817 Robert Roads, East Gregory, GA 15399",14
43,"Phillip","Powers",6,"88383.00",79,2,11,"2024-06-08",7,"96.98","0.12","9122.17",43,"New York","special","Books","50.50",305,18,11,"Kristin","Allen","mary81@gmail.com","4417360258","Curtisborough","Indiana","Myanmar",185,"2023-08-25","2023-12-12","Pending","3973.44","PayPal","0952 Ramirez Corner, Jeffreyton, RI 23362","205 Mitchell Road, Lake Frankchester, MA 51335",18
123,"Jason","Cordova",3,"70854.00",81,42,50,"2024-03-28",19,"484.85","0.05","3808.96",123,"Mississippi","want","Books","848.81",178,36,50,"Vanessa","Vazquez","jpineda@taylor-brown.com","2473257969","Lake Troyview","West Virginia","Senegal",130,"2023-07-18","2024-04-08","Shipped","9620.99","Cash","13209 Little Mews Suite 347, Michaelhaven, NC 41998","6696 Stephanie Trace Apt. 072, Adamberg, NY 44656",5
128,"John","Hines",9,"95736.00",82,99,11,"2024-08-17",13,"291.46","0.11","563.07",128,"Florida","member","Electronics","968.07",590,31,11,"Kristin","Allen","mary81@gmail.com","4417360258","Curtisborough","Indiana","Myanmar",185,"2023-08-25","2023-12-12","Pending","3973.44","PayPal","0952 Ramirez Corner, Jeffreyton, RI 23362","205 Mitchell Road, Lake Frankchester, MA 51335",18
57,"John","Livingston",3,"81709.00",83,18,73,"2023-07-21",6,"247.37","0.15","2779.90",57,"New York","they","Furniture","1346.50",611,11,73,"Anthony","Henry","austinandrea@hotmail.com","001-207-216-0572x1173","Copelandside","Mississippi","Kyrgyz Republic",171,"2024-09-09","2024-10-14","Pending","7121.99","Bank Transfer","0635 Connie Square, South Ashleystad, AR 55401","3298 Abigail Extension Suite 909, Port Sharonville, OK 05912",12
61,"Rhonda","Walters",8,"108091.00",84,94,15,"2023-05-27",10,"436.74","0.04","9609.43",61,"Alaska","better","Books","541.67",779,31,15,"Lauren","Ferrell","mariaday@yahoo.com","297.466.5603x28852","North Waynefort","Delaware","Botswana",178,"2023-04-21","2023-03-07","Shipped","3948.97","PayPal","1341 Frank Wall, Harrisport, DE 64895","1660 Bruce Passage Suite 934, West Briannaburgh, HI 63604",30
82,"William","Taylor",1,"72730.00",87,81,64,"2023-02-06",14,"469.38","0.15","458.92",82,"California","personal","Electronics","929.66",391,19,64,"Jeremy","Moore","nmedina@martinez-lawrence.net","001-806-307-6039x665","Garciashire","Florida","French Southern Territories",60,"2024-10-07","2024-04-22","Pending","8202.76","Credit Card","4311 Patrick Walks Apt. 517, Gardnerton, WY 85297","8380 Hunter Prairie Apt. 131, New Ashley, SD 55615",1
82,"William","Taylor",1,"72730.00",87,81,64,"2023-02-06",14,"469.38","0.15","458.92",82,"California","personal","Electronics","929.66",391,19,64,"Jeremy","Moore","nmedina@martinez-lawrence.net","001-806-307-6039x665","Garciashire","Florida","French Southern Territories",45,"2024-10-04","2024-07-14","Shipped","657.09","Credit Card","3644 Rodriguez Village Apt. 645, East Kimberlyfort, NV 86537","1550 Matthews Court, Levineside, SD 79321",3
61,"Rhonda","Walters",8,"108091.00",90,41,169,"2024-10-12",5,"273.08","0.25","8392.44",61,"California","administration","Clothing","156.03",891,2,169,"James","Gutierrez","joshuachen@dawson.biz","(265)449-2157","Coreyhaven","Virginia","Argentina",22,"2024-04-12","2023-04-22","Pending","4808.45","Credit Card","9406 Stone Ford Suite 091, Tiffanyview, NJ 31842","4456 Christine Fork Apt. 321, Leeview, MT 58557",30
181,"Patrick","Salazar",9,"87853.00",91,94,73,"2023-11-22",8,"200.06","0.08","6839.80",181,"Mississippi","better","Books","541.67",779,31,73,"Anthony","Henry","austinandrea@hotmail.com","001-207-216-0572x1173","Copelandside","Mississippi","Kyrgyz Republic",171,"2024-09-09","2024-10-14","Pending","7121.99","Bank Transfer","0635 Connie Square, South Ashleystad, AR 55401","3298 Abigail Extension Suite 909, Port Sharonville, OK 05912",12
173,"Joshua","Flores",3,"64526.00",94,35,80,"2023-04-19",18,"51.41","0.14","6090.73",173,"South Carolina","nearly","Food","248.43",177,28,80,"Lori","Rodriguez","ruthrose@gmail.com","743-532-0234x777","West Kyle","Montana","Bolivia",193,"2023-04-12","2023-11-02","Delivered","157.16","Credit Card","Unit 5261 Box 9779, DPO AE 27713","42414 Jennifer Lights Suite 009, South Mckenzie, MI 37861",24
197,"Dana","Elliott",3,"44252.00",96,16,71,"2023-11-19",17,"397.62","0.19","7383.66",197,"Louisiana","shake","Books","359.70",786,34,71,"Timothy","Wolfe","andrewcummings@gmail.com","756.334.7500x562","West Tracitown","Texas","Mauritius",69,"2024-07-05","2023-05-14","Cancelled","1732.11","Credit Card","Unit 4256 Box 6225, DPO AE 42858","22366 Davila Oval Suite 524, Hinesview, KS 07443",6
116,"Alan","Carpenter",9,"60586.00",97,18,12,"2023-12-03",14,"138.75","0.24","7158.02",116,"Alaska","they","Furniture","1346.50",611,11,12,"Andrea","Wood","kcruz@hawkins.net","001-721-063-2579x27812","Williamland","Idaho","Armenia",194,"2023-08-17","2024-04-27","Cancelled","9420.60","Bank Transfer","154 Stevens Throughway Apt. 564, Port Kellichester, IN 37153","7671 Kent Groves Suite 768, Gutierrezbury, IN 42085",14
154,"Rachel","Gonzales",7,"96076.00",99,21,155,"2023-05-16",6,"106.97","0.26","7188.84",154,"Arizona","word","Electronics","944.43",780,4,155,"Andrew","Foster","christineturner@hernandez.com","683-602-2813x2321","Thomasview","Louisiana","Marshall Islands",141,"2023-01-10","2023-04-04","Cancelled","5842.84","Bank Transfer","0807 Derek Mission, Jessicashire, LA 91117","43098 Jacob Passage, Holdenfort, AZ 92553",19
47,"Martha","Thompson",7,"94415.00",100,98,101,"2023-04-10",3,"241.05","0.07","3393.64",47,"Pennsylvania","mean","Food","801.88",338,33,101,"Janice","Grant","ktaylor@gmail.com","5865888669","Lake Virginiaport","Georgia","United Arab Emirates",40,"2023-04-01","2023-05-27","Shipped","1634.69","Bank Transfer","4001 Washington Way Suite 151, Juliefort, MS 80602","3938 Timothy Branch, East Tylerport, NV 92975",12
47,"Martha","Thompson",7,"94415.00",100,98,101,"2023-04-10",3,"241.05","0.07","3393.64",47,"Pennsylvania","mean","Food","801.88",338,33,101,"Janice","Grant","ktaylor@gmail.com","5865888669","Lake Virginiaport","Georgia","United Arab Emirates",10,"2023-01-13","2024-08-07","Cancelled","9073.57","Bank Transfer","766 Michelle Center, Jonesport, VT 92425","USNV Wall, FPO AE 83902",24
10,"Mitchell","Bryant",4,"101355.00",103,24,39,"2024-06-08",8,"7.94","0.26","628.52",10,"New York","air","Electronics","444.06",572,19,39,"Anna","Cabrera","pruittdavid@hotmail.com","+1-057-362-6142","East Edwardbury","Maine","Albania",149,"2023-09-02","2022-11-04","Pending","2711.17","Credit Card","55515 Sutton Skyway Apt. 937, South Jeffville, NY 32140","83108 Tammy Throughway Suite 063, North Christopher, UT 27003",8
109,"Heather","Johnson",4,"59755.00",104,9,200,"2023-04-04",4,"72.49","0.18","9872.92",109,"Mississippi","drop","Food","1473.17",73,10,200,"Sherry","Wise","annahernandez@gmail.com","956.738.3662","East Brandon","Wisconsin","Tunisia",29,"2024-06-18","2023-07-22","Cancelled","9619.85","Bank Transfer","75962 Kaufman Plain, Torreschester, NV 69376","486 David Divide Apt. 466, Zacharyton, WV 35240",20
113,"Sue","Murphy",3,"52859.00",105,17,198,"2024-01-05",11,"135.68","0.02","3706.34",113,"Alaska","source","Food","147.16",608,34,198,"Tina","Patrick","yacosta@smith.com","854.589.0834x88777","New Marissahaven","North Carolina","Lithuania",157,"2023-06-01","2024-08-19","Shipped","2997.07","PayPal","Unit 6752 Box 7367, DPO AE 26338","6642 Padilla Keys Suite 898, Medinaland, IL 26889",9
113,"Sue","Murphy",3,"52859.00",105,17,198,"2024-01-05",11,"135.68","0.02","3706.34",113,"Alaska","source","Food","147.16",608,34,198,"Tina","Patrick","yacosta@smith.com","854.589.0834x88777","New Marissahaven","North Carolina","Lithuania",3,"2024-07-04","2023-09-25","Cancelled","1916.21","Credit Card","0386 Joseph Skyway, Brandonhaven, MO 80972","228 Perez Club Apt. 531, Mosshaven, ME 61161",9
163,"Kevin","Perez",8,"57855.00",106,5,162,"2023-08-27",1,"475.78","0.15","5232.01",163,"Tennessee","couple","Electronics","1249.86",722,29,162,"Matthew","Carrillo","banksjulia@gmail.com","(353)729-9832","South Leviport","Washington","Hungary",106,"2023-05-06","2023-08-29","Shipped","9484.67","Cash","3747 James Forks Apt. 542, New Jesusside, CO 18954","3184 Thomas Mountain Apt. 411, Jillmouth, PA 37743",14
163,"Kevin","Perez",8,"57855.00",106,5,162,"2023-08-27",1,"475.78","0.15","5232.01",163,"Tennessee","couple","Electronics","1249.86",722,29,162,"Matthew","Carrillo","banksjulia@gmail.com","(353)729-9832","South Leviport","Washington","Hungary",96,"2023-07-21","2023-03-14","Shipped","8150.43","Bank Transfer","Unit 2506 Box 0874, DPO AA 91422","9982 Dawn Curve Apt. 300, North Melissatown, GA 59926",12
163,"Kevin","Perez",8,"57855.00",106,5,162,"2023-08-27",1,"475.78","0.15","5232.01",163,"Tennessee","couple","Electronics","1249.86",722,29,162,"Matthew","Carrillo","banksjulia@gmail.com","(353)729-9832","South Leviport","Washington","Hungary",28,"2024-07-31","2023-01-22","Cancelled","3074.31","Bank Transfer","7140 Roach Drive, South Marthaborough, IL 24175","382 Matthew Cliffs Suite 207, West Stephenport, NC 99499",14
18,"Daisy","Espinoza",7,"102208.00",107,30,8,"2023-07-26",5,"274.17","0.18","1305.77",18,"Arkansas","them","Electronics","669.64",254,25,8,"Andrew","Sosa","michaelbrooks@gmail.com","(027)697-1407","Monroetown","Vermont","Finland",169,"2024-08-04","2023-05-29","Delivered","2095.56","Cash","27211 Darren Stream, Perkinsville, DE 45578","Unit 1412 Box 4109, DPO AE 17338",12
24,"Tiffany","Ward",4,"76417.00",108,44,182,"2023-08-02",18,"487.19","0.03","2212.73",24,"Kentucky","together","Food","524.34",159,31,182,"Tony","Stevens","melody69@mccullough.com","001-712-931-3500x08183","Lewisborough","North Carolina","Kuwait",122,"2024-09-18","2023-01-22","Pending","6722.25","Bank Transfer","68977 Dixon Locks, Kellyfurt, GA 32042","91667 Johnson Burgs Apt. 755, New Raymondstad, CA 58379",3
10,"Mitchell","Bryant",4,"101355.00",109,24,125,"2024-06-11",17,"398.50","0.05","50.53",10,"Oregon","air","Electronics","444.06",572,19,125,"Brandy","Schmidt","tbrooks@vance.com","(318)193-9521","Johnmouth","Hawaii","Saint Helena",188,"2022-12-01","2023-12-08","Pending","5703.39","PayPal","197 Garcia Grove, Nancyfurt, WY 55290","553 Williams Curve, Angelaland, WA 14545",7
50,"Scott","Williams",9,"81400.00",110,56,162,"2024-10-07",1,"267.79","0.28","5485.76",50,"Florida","goal","Food","1263.08",673,38,162,"Matthew","Carrillo","banksjulia@gmail.com","(353)729-9832","South Leviport","Washington","Hungary",106,"2023-05-06","2023-08-29","Shipped","9484.67","Cash","3747 James Forks Apt. 542, New Jesusside, CO 18954","3184 Thomas Mountain Apt. 411, Jillmouth, PA 37743",14
50,"Scott","Williams",9,"81400.00",110,56,162,"2024-10-07",1,"267.79","0.28","5485.76",50,"Florida","goal","Food","1263.08",673,38,162,"Matthew","Carrillo","banksjulia@gmail.com","(353)729-9832","South Leviport","Washington","Hungary",96,"2023-07-21","2023-03-14","Shipped","8150.43","Bank Transfer","Unit 2506 Box 0874, DPO AA 91422","9982 Dawn Curve Apt. 300, North Melissatown, GA 59926",12
50,"Scott","Williams",9,"81400.00",110,56,162,"2024-10-07",1,"267.79","0.28","5485.76",50,"Florida","goal","Food","1263.08",673,38,162,"Matthew","Carrillo","banksjulia@gmail.com","(353)729-9832","South Leviport","Washington","Hungary",28,"2024-07-31","2023-01-22","Cancelled","3074.31","Bank Transfer","7140 Roach Drive, South Marthaborough, IL 24175","382 Matthew Cliffs Suite 207, West Stephenport, NC 99499",14
117,"Carol","Shaw",3,"42302.00",111,9,20,"2024-02-06",14,"406.98","0.21","5899.35",117,"Oregon","drop","Food","1473.17",73,10,20,"Brandy","Salazar","thompsonamanda@lloyd.com","+1-750-783-1655x79659","New Stevenburgh","Georgia","Italy",26,"2022-12-02","2023-02-06","Delivered","5350.11","Cash","2399 Terrell Fork Suite 969, Karaport, MA 32188","975 Mary Key, East Rebecca, IL 46192",7
89,"Steven","Shaffer",8,"106774.00",113,45,73,"2024-07-01",3,"172.46","0.21","2057.67",89,"Ohio","eye","Books","550.51",602,22,73,"Anthony","Henry","austinandrea@hotmail.com","001-207-216-0572x1173","Copelandside","Mississippi","Kyrgyz Republic",171,"2024-09-09","2024-10-14","Pending","7121.99","Bank Transfer","0635 Connie Square, South Ashleystad, AR 55401","3298 Abigail Extension Suite 909, Port Sharonville, OK 05912",12
131,"Eric","Barton",3,"100706.00",114,33,81,"2022-11-22",15,"184.94","0.10","4650.20",131,"Connecticut","us","Books","1276.85",850,3,81,"Dana","Schmidt","margaret49@wilkins.biz","(011)099-3326","Stacystad","South Dakota","Honduras",73,"2023-04-26","2023-10-23","Shipped","7582.42","Credit Card","753 Debra Camp Suite 617, West Ronald, OR 86863","140 Espinoza Turnpike, Andrewview, PA 00571",13
98,"Dana","Henderson",6,"58286.00",115,60,12,"2024-05-21",18,"42.59","0.03","8280.66",98,"Virginia","most","Food","1489.09",86,31,12,"Andrea","Wood","kcruz@hawkins.net","001-721-063-2579x27812","Williamland","Idaho","Armenia",194,"2023-08-17","2024-04-27","Cancelled","9420.60","Bank Transfer","154 Stevens Throughway Apt. 564, Port Kellichester, IN 37153","7671 Kent Groves Suite 768, Gutierrezbury, IN 42085",14
184,"John","Castillo",5,"73368.00",116,13,182,"2023-02-05",7,"96.72","0.13","4888.73",184,"California","ball","Furniture","289.90",95,27,182,"Tony","Stevens","melody69@mccullough.com","001-712-931-3500x08183","Lewisborough","North Carolina","Kuwait",122,"2024-09-18","2023-01-22","Pending","6722.25","Bank Transfer","68977 Dixon Locks, Kellyfurt, GA 32042","91667 Johnson Burgs Apt. 755, New Raymondstad, CA 58379",3
10,"Mitchell","Bryant",4,"101355.00",117,97,142,"2023-11-15",16,"306.04","0.04","7823.88",10,"Minnesota","player","Electronics","1432.37",141,20,142,"Tracy","Campos","jeremiah95@medina-moreno.com","(423)312-2846","Susanchester","Vermont","Zimbabwe",97,"2024-06-23","2023-03-11","Cancelled","6087.75","Bank Transfer","214 Mendez Motorway, South Julia, TN 69118","072 Gill Viaduct Apt. 670, Kelleyfort, MO 93060",15
134,"Peter","Rogers",3,"55588.00",119,34,184,"2023-06-18",4,"499.26","0.03","7592.94",134,"Louisiana","discuss","Furniture","682.80",503,37,184,"Abigail","Mendoza","blankenshipdale@yahoo.com","(593)623-9502x01486","Cameronside","North Carolina","Brunei Darussalam",197,"2023-05-15","2024-10-20","Delivered","2763.79","Credit Card","40992 Hampton Fields, South Tammyshire, WV 15256","999 Bianca Divide Apt. 111, South Wendy, VT 87276",21
59,"Jose","Eaton",6,"105563.00",120,25,92,"2023-09-30",2,"166.78","0.15","5294.51",59,"Texas","trial","Food","192.32",853,37,92,"Bonnie","Reyes","natashaschmidt@gmail.com","(608)382-9437x652","North Theresatown","Arizona","French Polynesia",47,"2023-06-27","2024-08-07","Cancelled","805.59","Bank Transfer","92592 Hopkins Rapids, North Georgechester, WI 46026","0180 Victoria Unions, New Wandashire, DC 64529",28
188,"Robert","Brown",9,"107611.00",121,13,103,"2023-02-25",18,"84.12","0.21","2284.24",188,"Florida","ball","Furniture","289.90",95,27,103,"Samuel","Lin","mrodriguez@harris-wells.com","0727815683","Arnoldmouth","Rhode Island","Denmark",165,"2024-10-28","2023-04-25","Shipped","7150.03","Bank Transfer","13535 Claire Mews, Lewistown, KY 70371","610 Lisa Village, East Jeffrey, NH 33001",18
188,"Robert","Brown",9,"107611.00",121,13,103,"2023-02-25",18,"84.12","0.21","2284.24",188,"Florida","ball","Furniture","289.90",95,27,103,"Samuel","Lin","mrodriguez@harris-wells.com","0727815683","Arnoldmouth","Rhode Island","Denmark",95,"2024-03-17","2023-08-17","Cancelled","5493.99","Bank Transfer","40155 Jones Course, West Lindseyburgh, NM 18741","96812 Mckinney Landing, Kevinfurt, IA 73067",25
188,"Robert","Brown",9,"107611.00",121,13,103,"2023-02-25",18,"84.12","0.21","2284.24",188,"Florida","ball","Furniture","289.90",95,27,103,"Samuel","Lin","mrodriguez@harris-wells.com","0727815683","Arnoldmouth","Rhode Island","Denmark",4,"2022-11-21","2024-02-23","Delivered","8321.74","Credit Card","34285 Allison Trace Apt. 942, Lake Tracyview, AR 28873","PSC 4754, Box 1225, APO AP 78960",15
79,"Benjamin","Hubbard",3,"118199.00",122,85,78,"2023-04-11",20,"62.43","0.10","1735.58",79,"Delaware","full","Electronics","612.45",487,38,78,"Heather","Salazar","melissamorton@cook.org","895.270.4282","Port Francisco","North Dakota","Belize",148,"2023-01-05","2024-06-30","Cancelled","3692.89","Bank Transfer","349 Adams Lakes, Johnsonfurt, WV 35592","28658 Mary Ports, Scottbury, WA 06040",7
79,"Benjamin","Hubbard",3,"118199.00",122,85,78,"2023-04-11",20,"62.43","0.10","1735.58",79,"Delaware","full","Electronics","612.45",487,38,78,"Heather","Salazar","melissamorton@cook.org","895.270.4282","Port Francisco","North Dakota","Belize",129,"2024-02-14","2023-09-18","Shipped","9401.68","Cash","9165 Charles Islands, East Jeffreyville, PA 41525","76647 Johnson Estate Suite 597, Walshchester, ID 64065",23
79,"Benjamin","Hubbard",3,"118199.00",122,85,78,"2023-04-11",20,"62.43","0.10","1735.58",79,"Delaware","full","Electronics","612.45",487,38,78,"Heather","Salazar","melissamorton@cook.org","895.270.4282","Port Francisco","North Dakota","Belize",119,"2023-12-25","2023-07-26","Delivered","6936.17","Bank Transfer","54581 Adam Summit, Matthewborough, MA 95098","2097 Donna Course, New Tiffany, KY 13637",12
192,"Daniel","Powell",7,"107747.00",123,5,13,"2022-12-29",17,"351.02","0.17","3813.56",192,"Mississippi","couple","Electronics","1249.86",722,29,13,"Jeffery","Adams","marysmith@hotmail.com","+1-570-046-4161x3023","Anthonyton","Wyoming","El Salvador",147,"2024-03-05","2023-10-07","Shipped","2752.91","Bank Transfer","PSC 3651, Box 3116, APO AP 48400","0310 Graham Lights, West Bradleyton, LA 01687",22
192,"Daniel","Powell",7,"107747.00",123,5,13,"2022-12-29",17,"351.02","0.17","3813.56",192,"Mississippi","couple","Electronics","1249.86",722,29,13,"Jeffery","Adams","marysmith@hotmail.com","+1-570-046-4161x3023","Anthonyton","Wyoming","El Salvador",89,"2023-04-26","2024-01-11","Cancelled","5542.45","Cash","7148 Steven Crest Suite 093, Atkinschester, OK 42646","5113 Timothy Cape Apt. 490, Port Andreachester, MT 05187",22
192,"Daniel","Powell",7,"107747.00",123,5,13,"2022-12-29",17,"351.02","0.17","3813.56",192,"Mississippi","couple","Electronics","1249.86",722,29,13,"Jeffery","Adams","marysmith@hotmail.com","+1-570-046-4161x3023","Anthonyton","Wyoming","El Salvador",50,"2024-05-22","2023-01-10","Delivered","8380.69","PayPal","7750 Aguilar Pike Apt. 787, Suttonland, OH 40747","6909 Edward Plains Suite 266, Aaronbury, DC 95054",25
121,"Scott","Cortez",9,"117531.00",125,19,198,"2024-09-26",12,"411.37","0.02","882.05",121,"Alabama","agree","Furniture","248.54",393,1,198,"Tina","Patrick","yacosta@smith.com","854.589.0834x88777","New Marissahaven","North Carolina","Lithuania",157,"2023-06-01","2024-08-19","Shipped","2997.07","PayPal","Unit 6752 Box 7367, DPO AE 26338","6642 Padilla Keys Suite 898, Medinaland, IL 26889",9
121,"Scott","Cortez",9,"117531.00",125,19,198,"2024-09-26",12,"411.37","0.02","882.05",121,"Alabama","agree","Furniture","248.54",393,1,198,"Tina","Patrick","yacosta@smith.com","854.589.0834x88777","New Marissahaven","North Carolina","Lithuania",3,"2024-07-04","2023-09-25","Cancelled","1916.21","Credit Card","0386 Joseph Skyway, Brandonhaven, MO 80972","228 Perez Club Apt. 531, Mosshaven, ME 61161",9
38,"Richard","Peters",9,"73752.00",126,47,86,"2023-02-19",19,"391.24","0.05","8301.10",38,"Delaware","risk","Food","350.86",678,45,86,"Shirley","Mathis","jessica89@hotmail.com","001-956-086-9145x6078","Wellsberg","New Hampshire","Nigeria",139,"2023-05-05","2023-07-05","Pending","9080.89","Cash","937 Katherine Inlet Apt. 139, East Felicia, IA 44296","1404 Sutton Trace, Wheelerburgh, FL 38657",16
38,"Richard","Peters",9,"73752.00",126,47,86,"2023-02-19",19,"391.24","0.05","8301.10",38,"Delaware","risk","Food","350.86",678,45,86,"Shirley","Mathis","jessica89@hotmail.com","001-956-086-9145x6078","Wellsberg","New Hampshire","Nigeria",43,"2024-08-19","2024-05-19","Shipped","7019.16","Cash","Unit 8676 Box 0311, DPO AA 26855","29950 Jeffrey Forge, West Robert, MO 06449",23
176,"Stephen","James",6,"109191.00",127,30,196,"2023-10-31",16,"119.79","0.14","9914.26",176,"Maine","them","Electronics","669.64",254,25,196,"Jessica","Cowan","davidhudson@carroll-wright.net","825.442.0965x43669","Nelsonport","Massachusetts","Ethiopia",161,"2023-02-27","2023-05-19","Cancelled","6982.19","Cash","88628 Green Hill Suite 390, Keithland, WY 95896","8391 Linda Fords Suite 958, Kelleyland, MD 94186",28
21,"George","Gonzales",3,"88159.00",132,35,112,"2022-11-09",1,"61.60","0.14","2172.70",21,"Tennessee","nearly","Food","248.43",177,28,112,"Denise","Page","heatherrodriguez@gmail.com","(906)512-1658x3068","Johnsonmouth","New York","Saint Pierre and Miquelon",184,"2023-03-29","2024-08-30","Pending","339.66","Credit Card","561 David Views Suite 851, Longbury, GA 69429","220 Kelly Ridges Apt. 701, Port Andrewborough, VT 16152",16
183,"Wendy","Morales",8,"49281.00",133,8,111,"2023-12-05",20,"214.50","0.20","7281.84",183,"Florida","foreign","Food","689.89",91,38,111,"Whitney","Reed","icarter@gonzalez.com","006-046-4610x23936","North Janebury","Washington","Saint Vincent and the Grenadines",176,"2024-08-05","2024-01-03","Cancelled","4487.30","PayPal","922 Felicia Parks Apt. 496, Mejiahaven, MO 96545","782 Sanders Ville Apt. 147, Deniseport, CT 71750",11
183,"Wendy","Morales",8,"49281.00",133,8,111,"2023-12-05",20,"214.50","0.20","7281.84",183,"Florida","foreign","Food","689.89",91,38,111,"Whitney","Reed","icarter@gonzalez.com","006-046-4610x23936","North Janebury","Washington","Saint Vincent and the Grenadines",164,"2023-12-24","2024-04-07","Shipped","4934.31","Credit Card","77691 Stephanie Shoal, New Kellyborough, NY 07189","3475 Gilbert Hill, Jasminfort, DE 86784",14
36,"Jeffrey","Phillips",6,"82710.00",135,49,22,"2022-12-07",3,"359.01","0.05","647.77",36,"West Virginia","student","Furniture","485.07",597,12,22,"Angela","Carter","gchan@hotmail.com","087-764-1795x6858","Madisonview","Massachusetts","Antarctica (the territory South of 60 deg S)",76,"2023-01-23","2024-06-01","Shipped","4303.86","Bank Transfer","9724 Melinda Alley, South Timothy, NY 15235","86399 Sherry Mill Suite 234, New Matthewmouth, VA 94815",16
36,"Jeffrey","Phillips",6,"82710.00",135,49,22,"2022-12-07",3,"359.01","0.05","647.77",36,"West Virginia","student","Furniture","485.07",597,12,22,"Angela","Carter","gchan@hotmail.com","087-764-1795x6858","Madisonview","Massachusetts","Antarctica (the territory South of 60 deg S)",57,"2023-05-13","2023-06-06","Pending","8444.34","Credit Card","29327 Mercado Plaza Suite 323, Josephville, CA 58576","21414 Horton Creek, Adamstown, RI 94055",16
36,"Jeffrey","Phillips",6,"82710.00",135,49,22,"2022-12-07",3,"359.01","0.05","647.77",36,"West Virginia","student","Furniture","485.07",597,12,22,"Angela","Carter","gchan@hotmail.com","087-764-1795x6858","Madisonview","Massachusetts","Antarctica (the territory South of 60 deg S)",56,"2023-03-04","2023-08-05","Delivered","9518.73","Credit Card","1400 Smith Shoals, Kelliside, CT 19625","26991 Kline Burg Apt. 816, North Angelica, MI 22423",4
20,"Richard","Sandoval",4,"67290.00",136,80,20,"2023-02-27",16,"193.98","0.25","5073.73",20,"North Dakota","indicate","Electronics","722.59",535,10,20,"Brandy","Salazar","thompsonamanda@lloyd.com","+1-750-783-1655x79659","New Stevenburgh","Georgia","Italy",26,"2022-12-02","2023-02-06","Delivered","5350.11","Cash","2399 Terrell Fork Suite 969, Karaport, MA 32188","975 Mary Key, East Rebecca, IL 46192",7
3,"Jared","Morris",4,"114880.00",138,48,163,"2023-05-31",5,"14.37","0.13","9891.95",3,"Kansas","also","Electronics","512.34",102,38,163,"Angela","Conrad","sblake@yahoo.com","+1-500-267-6695x070","Robertchester","Texas","Ethiopia",52,"2023-09-10","2024-06-25","Pending","5326.79","Cash","735 Dorsey Mission Apt. 936, Holmeston, CO 72621","9089 Austin Forges, Lake Kendra, RI 71781",30
3,"Jared","Morris",4,"114880.00",138,48,163,"2023-05-31",5,"14.37","0.13","9891.95",3,"Kansas","also","Electronics","512.34",102,38,163,"Angela","Conrad","sblake@yahoo.com","+1-500-267-6695x070","Robertchester","Texas","Ethiopia",9,"2023-08-27","2023-09-14","Cancelled","7272.43","Bank Transfer","6852 Byrd Terrace Suite 875, Woodsbury, IL 58926","Unit 7204 Box 7997, DPO AP 95860",29
170,"Paul","Mosley",5,"70315.00",140,69,157,"2023-05-21",12,"197.01","0.20","6506.17",170,"Michigan","age","Furniture","191.46",335,9,157,"Samuel","Thompson","christianwallace@villanueva.com","971.364.3107","Lake Shannonland","Michigan","Cook Islands",36,"2023-12-10","2023-10-03","Delivered","9225.15","Bank Transfer","59740 Gonzales Mission, North Laura, IL 60945","769 Ford Walk, Warnertown, HI 14923",10
24,"Tiffany","Ward",4,"76417.00",141,49,164,"2024-06-23",8,"388.69","0.18","2668.76",24,"North Carolina","student","Furniture","485.07",597,12,164,"Adam","Williamson","cathy13@yahoo.com","+1-723-217-6994","Alexanderport","Rhode Island","San Marino",33,"2022-11-06","2022-11-08","Cancelled","3390.78","Cash","PSC 3105, Box 3828, APO AP 81332","91160 Cole Ridges, New Kendra, GA 93882",27
138,"Kevin","Mcintosh",8,"42379.00",142,64,73,"2024-09-16",2,"142.35","0.02","3388.69",138,"Louisiana","decade","Furniture","319.52",637,5,73,"Anthony","Henry","austinandrea@hotmail.com","001-207-216-0572x1173","Copelandside","Mississippi","Kyrgyz Republic",171,"2024-09-09","2024-10-14","Pending","7121.99","Bank Transfer","0635 Connie Square, South Ashleystad, AR 55401","3298 Abigail Extension Suite 909, Port Sharonville, OK 05912",12
25,"Shannon","Clark",6,"57128.00",143,55,90,"2024-02-12",15,"396.66","0.23","9708.16",25,"New Jersey","cover","Food","369.94",69,39,90,"Deanna","Tucker","cunninghamnoah@robbins.com","+1-088-813-5648","North Karenbury","Wisconsin","Luxembourg",20,"2024-06-27","2023-03-25","Pending","8199.15","Cash","45662 Reed Trail, Annaview, NE 00618","57340 Marcus Street Suite 539, Port Jennifer, MN 68509",19
149,"Timothy","Davis",10,"74303.00",144,14,152,"2023-12-09",18,"324.08","0.10","3367.81",149,"Idaho","support","Furniture","475.35",126,47,152,"Debra","Chavez","brownmichael@wilson-marshall.com","752.285.3348x99403","East Danaport","New Mexico","French Polynesia",11,"2023-12-18","2024-04-21","Shipped","7583.58","Bank Transfer","374 John Brook Suite 869, Jameschester, VT 97369","51320 Rodgers Streets Suite 077, Port Jakeland, AZ 64560",23
138,"Kevin","Mcintosh",8,"42379.00",145,55,180,"2023-06-05",16,"310.73","0.19","3224.96",138,"Rhode Island","cover","Food","369.94",69,39,180,"Christopher","Hill","christinabecker@yahoo.com","001-654-987-8158x227","Liuburgh","Washington","Comoros",113,"2023-03-30","2024-01-07","Delivered","1386.79","Bank Transfer","63906 Thomas Square, Joshuaview, KY 71172","05873 Corey River, South George, GA 00754",2
90,"Marisa","Ferguson",10,"85094.00",147,8,58,"2024-05-13",3,"120.86","0.16","3652.86",90,"Virginia","foreign","Food","689.89",91,38,58,"Vanessa","Bailey","cooperdonna@gmail.com","+1-572-961-3848","New Noahchester","Nevada","Saint Lucia",146,"2023-11-23","2022-12-09","Cancelled","3296.67","Cash","823 Zachary Ridge Suite 652, Alejandrobury, AK 84347","2737 Ortiz Port, Stephanietown, ME 46053",3
171,"Angela","Herring",7,"88207.00",149,32,198,"2023-05-11",4,"324.82","0.27","5299.25",171,"Arizona","between","Clothing","683.73",480,25,198,"Tina","Patrick","yacosta@smith.com","854.589.0834x88777","New Marissahaven","North Carolina","Lithuania",157,"2023-06-01","2024-08-19","Shipped","2997.07","PayPal","Unit 6752 Box 7367, DPO AE 26338","6642 Padilla Keys Suite 898, Medinaland, IL 26889",9
171,"Angela","Herring",7,"88207.00",149,32,198,"2023-05-11",4,"324.82","0.27","5299.25",171,"Arizona","between","Clothing","683.73",480,25,198,"Tina","Patrick","yacosta@smith.com","854.589.0834x88777","New Marissahaven","North Carolina","Lithuania",3,"2024-07-04","2023-09-25","Cancelled","1916.21","Credit Card","0386 Joseph Skyway, Brandonhaven, MO 80972","228 Perez Club Apt. 531, Mosshaven, ME 61161",9
191,"Carmen","Knapp",5,"58467.00",150,28,29,"2024-03-29",19,"213.11","0.22","1574.45",191,"Massachusetts","move","Food","967.47",88,47,29,"Jamie","Nguyen","tcox@hotmail.com","+1-886-846-9868x128","South Davidfort","West Virginia","Trinidad and Tobago",80,"2024-05-07","2024-05-18","Cancelled","7270.47","Bank Transfer","0052 Elliott Forest Apt. 405, East Markmouth, MD 68119","049 Smith Brooks, Port Oliviaborough, KS 92033",10
177,"Lonnie","Perez",9,"88808.00",151,61,196,"2023-09-10",1,"488.90","0.24","3032.22",177,"Delaware","pay","Furniture","332.40",182,1,196,"Jessica","Cowan","davidhudson@carroll-wright.net","825.442.0965x43669","Nelsonport","Massachusetts","Ethiopia",161,"2023-02-27","2023-05-19","Cancelled","6982.19","Cash","88628 Green Hill Suite 390, Keithland, WY 95896","8391 Linda Fords Suite 958, Kelleyland, MD 94186",28
190,"Shannon","Harris",5,"75303.00",155,35,87,"2024-04-04",15,"7.70","0.02","7263.24",190,"Alabama","nearly","Food","248.43",177,28,87,"Regina","Perkins","michaellong@silva.net","8613977028","Luisside","Pennsylvania","Cote d'Ivoire",75,"2023-06-27","2022-12-12","Delivered","7315.82","Cash","02489 Andrew Mountains, North Sabrina, VA 91283","5479 Robert Plaza, Annchester, AZ 34662",14
190,"Shannon","Harris",5,"75303.00",155,35,87,"2024-04-04",15,"7.70","0.02","7263.24",190,"Alabama","nearly","Food","248.43",177,28,87,"Regina","Perkins","michaellong@silva.net","8613977028","Luisside","Pennsylvania","Cote d'Ivoire",48,"2023-04-12","2024-03-08","Cancelled","6479.29","Bank Transfer","601 Sims Crossing, West Williamtown, DE 95840","33120 Justin Pines, South Rachelton, HI 48885",21
19,"Kathryn","Bauer",3,"57594.00",156,52,23,"2024-05-31",10,"86.83","0.12","6706.11",19,"Colorado","physical","Clothing","29.03",102,48,23,"Michael","Kennedy","heather07@morrow.com","001-906-560-7389x7759","New Michael","Michigan","New Caledonia",70,"2022-12-12","2023-01-18","Delivered","6749.43","Bank Transfer","999 Amy Turnpike Apt. 868, Richardton, PA 30689","6668 Jeffrey Lights, Mistystad, MS 75428",20
19,"Kathryn","Bauer",3,"57594.00",156,52,23,"2024-05-31",10,"86.83","0.12","6706.11",19,"Colorado","physical","Clothing","29.03",102,48,23,"Michael","Kennedy","heather07@morrow.com","001-906-560-7389x7759","New Michael","Michigan","New Caledonia",31,"2023-03-05","2024-09-19","Shipped","167.62","Credit Card","PSC 1507, Box 6854, APO AE 14069","10451 Nicholas Park, Andersonfort, NC 50106",10
19,"Kathryn","Bauer",3,"57594.00",156,52,23,"2024-05-31",10,"86.83","0.12","6706.11",19,"Colorado","physical","Clothing","29.03",102,48,23,"Michael","Kennedy","heather07@morrow.com","001-906-560-7389x7759","New Michael","Michigan","New Caledonia",15,"2024-06-21","2023-10-20","Delivered","2727.39","Cash","697 Jay Stravenue, East Debraberg, DC 42320","51027 Collins Union Apt. 448, South Andrew, KS 92669",10
180,"Holly","Rodriguez",10,"101436.00",160,79,65,"2023-01-13",5,"24.51","0.13","9128.46",180,"Vermont","player","Furniture","1392.69",378,9,65,"Crystal","Rowland","arnolddaniel@williams-jones.org","5428625209","Jermainemouth","New York","Marshall Islands",128,"2023-10-11","2023-07-07","Delivered","8190.76","PayPal","6496 Shaw Oval, Woodardport, PA 26596","PSC 9007, Box 8340, APO AA 15284",18
180,"Holly","Rodriguez",10,"101436.00",160,79,65,"2023-01-13",5,"24.51","0.13","9128.46",180,"Vermont","player","Furniture","1392.69",378,9,65,"Crystal","Rowland","arnolddaniel@williams-jones.org","5428625209","Jermainemouth","New York","Marshall Islands",108,"2023-08-29","2023-07-04","Pending","7083.62","Credit Card","1675 Ward Expressway Suite 050, Lake Yvonnefurt, MN 57911","Unit 2801 Box 8682, DPO AE 84660",17
26,"Joshua","Lynch",9,"90811.00",161,53,184,"2023-02-24",5,"221.53","0.20","8476.99",26,"Texas","vote","Electronics","828.85",66,34,184,"Abigail","Mendoza","blankenshipdale@yahoo.com","(593)623-9502x01486","Cameronside","North Carolina","Brunei Darussalam",197,"2023-05-15","2024-10-20","Delivered","2763.79","Credit Card","40992 Hampton Fields, South Tammyshire, WV 15256","999 Bianca Divide Apt. 111, South Wendy, VT 87276",21
117,"Carol","Shaw",3,"42302.00",162,15,68,"2023-04-21",19,"450.45","0.19","2534.34",117,"Wisconsin","office","Furniture","296.40",597,32,68,"Daniel","Carter","jamesruiz@yahoo.com","001-445-761-7811","Port Jacobfurt","Iowa","Slovenia",173,"2022-11-27","2024-07-09","Cancelled","9117.48","Cash","15545 Ashley Hill Apt. 302, New Alexisshire, WA 78003","5171 Richardson Parkways, Ramirezburgh, CO 82776",3
103,"Tammy","Jackson",8,"81348.00",163,67,22,"2023-10-15",10,"492.77","0.13","6579.19",103,"Utah","finish","Electronics","894.47",865,17,22,"Angela","Carter","gchan@hotmail.com","087-764-1795x6858","Madisonview","Massachusetts","Antarctica (the territory South of 60 deg S)",76,"2023-01-23","2024-06-01","Shipped","4303.86","Bank Transfer","9724 Melinda Alley, South Timothy, NY 15235","86399 Sherry Mill Suite 234, New Matthewmouth, VA 94815",16
103,"Tammy","Jackson",8,"81348.00",163,67,22,"2023-10-15",10,"492.77","0.13","6579.19",103,"Utah","finish","Electronics","894.47",865,17,22,"Angela","Carter","gchan@hotmail.com","087-764-1795x6858","Madisonview","Massachusetts","Antarctica (the territory South of 60 deg S)",57,"2023-05-13","2023-06-06","Pending","8444.34","Credit Card","29327 Mercado Plaza Suite 323, Josephville, CA 58576","21414 Horton Creek, Adamstown, RI 94055",16
103,"Tammy","Jackson",8,"81348.00",163,67,22,"2023-10-15",10,"492.77","0.13","6579.19",103,"Utah","finish","Electronics","894.47",865,17,22,"Angela","Carter","gchan@hotmail.com","087-764-1795x6858","Madisonview","Massachusetts","Antarctica (the territory South of 60 deg S)",56,"2023-03-04","2023-08-05","Delivered","9518.73","Credit Card","1400 Smith Shoals, Kelliside, CT 19625","26991 Kline Burg Apt. 816, North Angelica, MI 22423",4
150,"Sabrina","Flowers",1,"50907.00",165,28,197,"2023-08-15",7,"70.78","0.20","2216.36",150,"Rhode Island","move","Food","967.47",88,47,197,"Charles","Dean","andrew88@yahoo.com","047-233-5036x237","West Marcustown","Colorado","Germany",99,"2024-09-14","2024-02-09","Cancelled","6727.02","Bank Transfer","94174 Gamble Drive, Scotthaven, AK 25984","188 Ruben Stravenue Suite 124, Deborahfurt, TN 96319",18
81,"Vanessa","Payne",8,"79903.00",166,69,112,"2023-12-16",20,"113.80","0.03","9847.61",81,"New York","age","Furniture","191.46",335,9,112,"Denise","Page","heatherrodriguez@gmail.com","(906)512-1658x3068","Johnsonmouth","New York","Saint Pierre and Miquelon",184,"2023-03-29","2024-08-30","Pending","339.66","Credit Card","561 David Views Suite 851, Longbury, GA 69429","220 Kelly Ridges Apt. 701, Port Andrewborough, VT 16152",16
9,"Christina","Johnson",4,"80685.00",167,53,155,"2024-05-08",5,"343.69","0.11","3216.11",9,"Nevada","vote","Electronics","828.85",66,34,155,"Andrew","Foster","christineturner@hernandez.com","683-602-2813x2321","Thomasview","Louisiana","Marshall Islands",141,"2023-01-10","2023-04-04","Cancelled","5842.84","Bank Transfer","0807 Derek Mission, Jessicashire, LA 91117","43098 Jacob Passage, Holdenfort, AZ 92553",19
96,"Stacey","Nguyen",3,"117403.00",168,9,125,"2023-09-01",10,"237.79","0.16","4464.93",96,"Kansas","drop","Food","1473.17",73,10,125,"Brandy","Schmidt","tbrooks@vance.com","(318)193-9521","Johnmouth","Hawaii","Saint Helena",188,"2022-12-01","2023-12-08","Pending","5703.39","PayPal","197 Garcia Grove, Nancyfurt, WY 55290","553 Williams Curve, Angelaland, WA 14545",7
108,"Marilyn","Hunter",9,"61375.00",169,91,30,"2024-01-02",6,"163.21","0.14","1202.22",108,"Tennessee","area","Furniture","185.28",780,1,30,"Brandon","Ruiz","elizabethgibbs@yahoo.com","+1-388-816-5837x09685","North Natasha","Washington","Myanmar",68,"2024-04-11","2024-01-24","Cancelled","6014.31","Bank Transfer","6332 Kelly Extensions Suite 091, Blackfurt, NE 93946","4730 John Lodge Suite 141, Lisaport, IA 12331",8
66,"Nicole","Bailey",10,"75107.00",170,48,22,"2023-02-25",7,"134.07","0.21","7091.11",66,"New Mexico","also","Electronics","512.34",102,38,22,"Angela","Carter","gchan@hotmail.com","087-764-1795x6858","Madisonview","Massachusetts","Antarctica (the territory South of 60 deg S)",76,"2023-01-23","2024-06-01","Shipped","4303.86","Bank Transfer","9724 Melinda Alley, South Timothy, NY 15235","86399 Sherry Mill Suite 234, New Matthewmouth, VA 94815",16
66,"Nicole","Bailey",10,"75107.00",170,48,22,"2023-02-25",7,"134.07","0.21","7091.11",66,"New Mexico","also","Electronics","512.34",102,38,22,"Angela","Carter","gchan@hotmail.com","087-764-1795x6858","Madisonview","Massachusetts","Antarctica (the territory South of 60 deg S)",57,"2023-05-13","2023-06-06","Pending","8444.34","Credit Card","29327 Mercado Plaza Suite 323, Josephville, CA 58576","21414 Horton Creek, Adamstown, RI 94055",16
66,"Nicole","Bailey",10,"75107.00",170,48,22,"2023-02-25",7,"134.07","0.21","7091.11",66,"New Mexico","also","Electronics","512.34",102,38,22,"Angela","Carter","gchan@hotmail.com","087-764-1795x6858","Madisonview","Massachusetts","Antarctica (the territory South of 60 deg S)",56,"2023-03-04","2023-08-05","Delivered","9518.73","Credit Card","1400 Smith Shoals, Kelliside, CT 19625","26991 Kline Burg Apt. 816, North Angelica, MI 22423",4
55,"Robert","Lopez",7,"115014.00",171,13,88,"2024-10-26",20,"181.78","0.09","3893.06",55,"Wyoming","ball","Furniture","289.90",95,27,88,"Abigail","Cox","stacey84@williams-white.com","162.507.2907","Lloydville","Rhode Island","Papua New Guinea",5,"2023-09-26","2023-01-28","Delivered","3115.84","Cash","05064 Bradshaw Stravenue, West Christopherhaven, NY 70062","487 Gibson Loop Suite 575, North Kyleland, PA 54445",19
61,"Rhonda","Walters",8,"108091.00",173,48,29,"2023-07-03",1,"490.08","0.10","9550.45",61,"Michigan","also","Electronics","512.34",102,38,29,"Jamie","Nguyen","tcox@hotmail.com","+1-886-846-9868x128","South Davidfort","West Virginia","Trinidad and Tobago",80,"2024-05-07","2024-05-18","Cancelled","7270.47","Bank Transfer","0052 Elliott Forest Apt. 405, East Markmouth, MD 68119","049 Smith Brooks, Port Oliviaborough, KS 92033",10
19,"Kathryn","Bauer",3,"57594.00",175,76,200,"2023-11-26",3,"171.81","0.22","5973.40",19,"New Jersey","conference","Furniture","1298.44",800,31,200,"Sherry","Wise","annahernandez@gmail.com","956.738.3662","East Brandon","Wisconsin","Tunisia",29,"2024-06-18","2023-07-22","Cancelled","9619.85","Bank Transfer","75962 Kaufman Plain, Torreschester, NV 69376","486 David Divide Apt. 466, Zacharyton, WV 35240",20
32,"Kyle","Hogan",2,"87022.00",176,93,43,"2023-08-30",10,"236.27","0.24","5672.90",32,"North Dakota","dream","Books","519.67",938,6,43,"Leah","Pierce","nicholasrandall@yahoo.com","156.586.0985x213","North Stephaniechester","Connecticut","British Virgin Islands",112,"2024-07-26","2024-01-25","Shipped","6497.53","Credit Card","9399 Dyer Passage Apt. 629, Scottbury, IA 25773","3928 Andrew Neck Suite 066, West Brianland, ND 39910",27
32,"Kyle","Hogan",2,"87022.00",176,93,43,"2023-08-30",10,"236.27","0.24","5672.90",32,"North Dakota","dream","Books","519.67",938,6,43,"Leah","Pierce","nicholasrandall@yahoo.com","156.586.0985x213","North Stephaniechester","Connecticut","British Virgin Islands",17,"2024-04-18","2023-12-18","Delivered","6130.63","PayPal","43182 Kathryn Way, Robertberg, VT 71398","1457 Foster Stream, Merrittchester, NJ 73589",10
93,"Melissa","Henderson",8,"44019.00",177,49,94,"2024-08-25",17,"403.76","0.23","4588.75",93,"Massachusetts","student","Furniture","485.07",597,12,94,"Billy","Mahoney","cortezdennis@hotmail.com","+1-424-788-9144x2273","Greenport","New Mexico","Monaco",49,"2023-08-01","2024-06-26","Pending","6413.55","Bank Transfer","USNV Hubbard, FPO AE 27523","821 Anderson Islands Apt. 570, North Shannonport, SD 28293",5
120,"Laura","Larsen",5,"95635.00",178,10,8,"2022-12-25",10,"193.15","0.16","840.01",120,"Colorado","decide","Food","59.54",297,27,8,"Andrew","Sosa","michaelbrooks@gmail.com","(027)697-1407","Monroetown","Vermont","Finland",169,"2024-08-04","2023-05-29","Delivered","2095.56","Cash","27211 Darren Stream, Perkinsville, DE 45578","Unit 1412 Box 4109, DPO AE 17338",12
75,"Christopher","Sanders",7,"69098.00",179,100,105,"2023-05-13",13,"37.97","0.09","5715.34",75,"Alaska","network","Clothing","1020.04",255,48,105,"Megan","Garner","sharonhamilton@hotmail.com","796.506.3888x7410","New Tracey","Louisiana","Haiti",198,"2024-03-25","2023-04-25","Cancelled","5545.91","Bank Transfer","2363 Edwin Passage, North Morganton, AL 61821","Unit 3883 Box 6177, DPO AP 69531",9
75,"Christopher","Sanders",7,"69098.00",179,100,105,"2023-05-13",13,"37.97","0.09","5715.34",75,"Alaska","network","Clothing","1020.04",255,48,105,"Megan","Garner","sharonhamilton@hotmail.com","796.506.3888x7410","New Tracey","Louisiana","Haiti",54,"2023-11-16","2023-06-23","Shipped","5495.90","Bank Transfer","551 Julie Valley Apt. 780, Micheleview, MN 76253","57948 Anderson Hills, Williamston, OH 23593",9
108,"Marilyn","Hunter",9,"61375.00",180,14,80,"2024-05-20",12,"317.25","0.27","2580.81",108,"New Jersey","support","Furniture","475.35",126,47,80,"Lori","Rodriguez","ruthrose@gmail.com","743-532-0234x777","West Kyle","Montana","Bolivia",193,"2023-04-12","2023-11-02","Delivered","157.16","Credit Card","Unit 5261 Box 9779, DPO AE 27713","42414 Jennifer Lights Suite 009, South Mckenzie, MI 37861",24
12,"Belinda","Gray",10,"108815.00",181,36,192,"2023-03-06",20,"176.45","0.11","9737.22",12,"Illinois","once","Electronics","37.17",509,17,192,"William","Davis","larry75@davis.info","774.998.6317x22828","Johnberg","Idaho","Samoa",107,"2024-08-19","2024-02-02","Delivered","1188.34","Cash","081 Xavier Road Suite 770, South David, CT 67467","8647 Reyes Springs, Lake Tylerhaven, LA 01983",24
7,"Taylor","Walker",6,"78040.00",183,85,110,"2023-10-11",4,"194.24","0.22","7279.06",7,"Wisconsin","full","Electronics","612.45",487,38,110,"Deanna","Coleman","kristinjimenez@andrade.com","665.934.8092x376","Philipfort","New Mexico","Samoa",163,"2023-04-01","2024-02-08","Shipped","9424.73","Cash","976 Scott Lock, West Christina, AL 85924","PSC 7266, Box 3198, APO AE 77349",4
7,"Taylor","Walker",6,"78040.00",183,85,110,"2023-10-11",4,"194.24","0.22","7279.06",7,"Wisconsin","full","Electronics","612.45",487,38,110,"Deanna","Coleman","kristinjimenez@andrade.com","665.934.8092x376","Philipfort","New Mexico","Samoa",39,"2023-07-13","2023-07-30","Delivered","1346.86","Credit Card","9243 Smith Forks, Lake Mariaside, AL 44619","Unit 7424 Box 5682, DPO AP 47463",3
112,"David","Mills",3,"93487.00",187,86,60,"2024-05-09",14,"99.48","0.21","6473.87",112,"Ohio","according","Furniture","493.47",303,12,60,"Billy","Walker","swansonrobert@jones.biz","(147)356-4494","Richardville","Georgia","Cook Islands",151,"2024-03-23","2023-03-07","Cancelled","5454.86","Credit Card","32299 Donna Squares Apt. 931, Garciashire, IL 23663","3990 Goodwin Branch Apt. 100, West Jessicashire, KS 83434",3
112,"David","Mills",3,"93487.00",187,86,60,"2024-05-09",14,"99.48","0.21","6473.87",112,"Ohio","according","Furniture","493.47",303,12,60,"Billy","Walker","swansonrobert@jones.biz","(147)356-4494","Richardville","Georgia","Cook Islands",87,"2023-04-09","2023-11-05","Cancelled","7251.80","PayPal","Unit 9569 Box 0643, DPO AA 90776","70599 Davidson Rapids, West Michellehaven, KY 22485",11
112,"David","Mills",3,"93487.00",187,86,60,"2024-05-09",14,"99.48","0.21","6473.87",112,"Ohio","according","Furniture","493.47",303,12,60,"Billy","Walker","swansonrobert@jones.biz","(147)356-4494","Richardville","Georgia","Cook Islands",13,"2023-07-19","2024-08-12","Delivered","6883.22","Credit Card","7436 Owens Center Apt. 404, North Gregory, NY 05253","5744 Myers Fork Apt. 376, Obrienmouth, CT 95980",11
27,"Kayla","Martinez",6,"91918.00",188,24,103,"2023-04-02",9,"81.35","0.09","3115.94",27,"Wyoming","air","Electronics","444.06",572,19,103,"Samuel","Lin","mrodriguez@harris-wells.com","0727815683","Arnoldmouth","Rhode Island","Denmark",165,"2024-10-28","2023-04-25","Shipped","7150.03","Bank Transfer","13535 Claire Mews, Lewistown, KY 70371","610 Lisa Village, East Jeffrey, NH 33001",18
27,"Kayla","Martinez",6,"91918.00",188,24,103,"2023-04-02",9,"81.35","0.09","3115.94",27,"Wyoming","air","Electronics","444.06",572,19,103,"Samuel","Lin","mrodriguez@harris-wells.com","0727815683","Arnoldmouth","Rhode Island","Denmark",95,"2024-03-17","2023-08-17","Cancelled","5493.99","Bank Transfer","40155 Jones Course, West Lindseyburgh, NM 18741","96812 Mckinney Landing, Kevinfurt, IA 73067",25
27,"Kayla","Martinez",6,"91918.00",188,24,103,"2023-04-02",9,"81.35","0.09","3115.94",27,"Wyoming","air","Electronics","444.06",572,19,103,"Samuel","Lin","mrodriguez@harris-wells.com","0727815683","Arnoldmouth","Rhode Island","Denmark",4,"2022-11-21","2024-02-23","Delivered","8321.74","Credit Card","34285 Allison Trace Apt. 942, Lake Tracyview, AR 28873","PSC 4754, Box 1225, APO AP 78960",15
130,"Sara","Jenkins",7,"76074.00",189,62,140,"2023-04-29",7,"366.93","0.06","9017.70",130,"North Carolina","task","Books","712.94",583,42,140,"Brittany","Watson","owarner@moon.net","001-449-003-9758x44218","Michaelland","Alaska","Spain",79,"2023-01-31","2023-12-21","Delivered","8307.55","PayPal","6874 Michael Mews Suite 959, Sherryport, AR 45915","4007 Morton Forest Apt. 975, Lake Colleen, MN 83640",3
130,"Sara","Jenkins",7,"76074.00",189,62,140,"2023-04-29",7,"366.93","0.06","9017.70",130,"North Carolina","task","Books","712.94",583,42,140,"Brittany","Watson","owarner@moon.net","001-449-003-9758x44218","Michaelland","Alaska","Spain",19,"2023-10-02","2023-05-22","Pending","8321.70","PayPal","2674 Timothy Springs, Mccarthyburgh, KS 60383","Unit 9219 Box 4147, DPO AA 94276",24
135,"Stephen","Acevedo",10,"104533.00",190,47,123,"2022-11-29",17,"128.00","0.27","8815.85",135,"Illinois","risk","Food","350.86",678,45,123,"Karen","Oconnor","samuelthompson@yahoo.com","001-137-764-9672","South Paul","Mississippi","Guadeloupe",23,"2023-07-18","2022-12-16","Pending","3317.54","Credit Card","809 Eric Mountain Suite 704, Lake Dianefurt, AK 50227","669 Aimee Rapid, Andrewfurt, NJ 47140",12
144,"Jeremiah","Parsons",8,"98545.00",191,66,150,"2024-04-19",7,"19.24","0.29","684.38",144,"Colorado","detail","Clothing","957.29",755,26,150,"Edward","Brady","lmiller@hotmail.com","(216)852-4203x1402","Salaston","Iowa","Turkey",180,"2023-03-26","2024-06-12","Cancelled","652.70","Credit Card","USCGC Houston, FPO AP 05162","Unit 6410 Box 6437, DPO AA 97400",22
144,"Jeremiah","Parsons",8,"98545.00",191,66,150,"2024-04-19",7,"19.24","0.29","684.38",144,"Colorado","detail","Clothing","957.29",755,26,150,"Edward","Brady","lmiller@hotmail.com","(216)852-4203x1402","Salaston","Iowa","Turkey",114,"2023-06-11","2023-05-31","Delivered","5305.92","Cash","160 Amy Track Suite 239, Port Reneechester, CO 14375","5829 Alexander Shoal Suite 951, East Ryanshire, CO 15528",30
134,"Peter","Rogers",3,"55588.00",193,38,73,"2024-09-06",4,"283.73","0.28","6095.24",134,"Idaho","blue","Electronics","486.43",122,24,73,"Anthony","Henry","austinandrea@hotmail.com","001-207-216-0572x1173","Copelandside","Mississippi","Kyrgyz Republic",171,"2024-09-09","2024-10-14","Pending","7121.99","Bank Transfer","0635 Connie Square, South Ashleystad, AR 55401","3298 Abigail Extension Suite 909, Port Sharonville, OK 05912",12
1,"Paul","Hurley",4,"44354.00",194,56,123,"2023-04-25",15,"173.02","0.24","273.17",1,"South Carolina","goal","Food","1263.08",673,38,123,"Karen","Oconnor","samuelthompson@yahoo.com","001-137-764-9672","South Paul","Mississippi","Guadeloupe",23,"2023-07-18","2022-12-16","Pending","3317.54","Credit Card","809 Eric Mountain Suite 704, Lake Dianefurt, AK 50227","669 Aimee Rapid, Andrewfurt, NJ 47140",12
70,"Charles","Johnson",5,"60090.00",195,17,176,"2023-09-22",14,"119.71","0.27","1035.93",70,"Pennsylvania","source","Food","147.16",608,34,176,"David","Warren","murphyyvonne@austin-jackson.info","+1-380-660-5122x144","East Deannafort","South Dakota","Pitcairn Islands",55,"2022-12-12","2023-01-19","Cancelled","1148.63","PayPal","954 Nguyen Route Apt. 102, South Timothyview, MN 85346","6067 Victor Via Suite 339, Higginsburgh, WV 52375",23
70,"Charles","Johnson",5,"60090.00",195,17,176,"2023-09-22",14,"119.71","0.27","1035.93",70,"Pennsylvania","source","Food","147.16",608,34,176,"David","Warren","murphyyvonne@austin-jackson.info","+1-380-660-5122x144","East Deannafort","South Dakota","Pitcairn Islands",38,"2024-04-02","2024-09-30","Pending","2572.53","Credit Card","974 Stevenson Rue, Drewtown, PA 66356","1857 Gabriel Turnpike, West Sabrinafurt, OR 28680",14
66,"Nicole","Bailey",10,"75107.00",197,47,169,"2024-01-20",2,"293.65","0.17","2801.08",66,"Colorado","risk","Food","350.86",678,45,169,"James","Gutierrez","joshuachen@dawson.biz","(265)449-2157","Coreyhaven","Virginia","Argentina",22,"2024-04-12","2023-04-22","Pending","4808.45","Credit Card","9406 Stone Ford Suite 091, Tiffanyview, NJ 31842","4456 Christine Fork Apt. 321, Leeview, MT 58557",30
197,"Dana","Elliott",3,"44252.00",198,71,164,"2024-07-04",10,"367.27","0.29","2911.72",197,"New Hampshire","information","Furniture","1065.37",448,46,164,"Adam","Williamson","cathy13@yahoo.com","+1-723-217-6994","Alexanderport","Rhode Island","San Marino",33,"2022-11-06","2022-11-08","Cancelled","3390.78","Cash","PSC 3105, Box 3828, APO AP 81332","91160 Cole Ridges, New Kendra, GA 93882",27
175,"Ann","Brown",10,"79629.00",200,24,59,"2024-04-07",15,"93.54","0.01","2170.40",175,"Ohio","air","Electronics","444.06",572,19,59,"Linda","Mcguire","rthompson@boyd.com","699.467.7529x0760","New Robin","North Carolina","Holy See (Vatican City State)",62,"2023-09-25","2023-01-26","Delivered","5924.50","Bank Transfer","7117 Williams Forks, Juliachester, NM 94749","34712 Weber Parks Suite 154, New Gregoryberg, OR 40685",25
